1.0.0.0.NPTD;3.1.0.0.PIGT;3.0.0.0.ZCPIN;1.0.0.0.NETD;3.0.0.0.ZVGDF;1.0.0.0.ALCD0;1.1.0.0.OIGT;1.0.0.0.OKND;1.0.0.0.AKNDV;1.3.0.0.ISRC;ISO;year
9153.489;16.1748726;15.550909699999998;3529.071;46.8951646;55.8694102;22.355;289.499;3.0;;BEL;1960
9183.948;16.3457392;15.7011494;3553.023;48.5031861;54.7193701;25.1188;297.488;2.9367127;2.1234246;BEL;1961
9220.578;17.007553100000006;15.9276083;3598.786;50.019058;55.67347170000001;26.5958;306.675;2.8782725;2.3087661;BEL;1962
9289.77;17.736773;16.2691288;3603.373;51.620532;56.04375690000001;26.6352;315.203;2.8335197;-0.093245;BEL;1963
9378.113;18.7336202;16.9470397;3625.592;54.2241418;55.3624345;30.5413;326.797;2.7468977000000003;0.6447514;BEL;1964
9463.667;19.5775855;17.6366767;3621.413;55.3969712;55.6286845;31.8007;339.071;2.7513985;0.2334367;BEL;1965
9527.807;20.1860746;18.3717519;3627.019;56.1880863;56.4505945;33.9714;352.652;2.7753719;1.413524;BEL;1966
9580.991;21.009714;18.8972245;3613.871;57.60334200000001;56.393579;34.9587;366.593;2.7776289;2.7598711;BEL;1967
9618.756;21.3571654;19.4204984;3605.411;59.3105404;55.96813879999999;34.5189;378.971;2.7564067000000003;1.6139723;BEL;1968
9646.032;22.2723481;20.1467792;3656.984;61.8687231;55.5224208;36.3598;391.974;2.6738907000000003;4.363217099999999;BEL;1969
9655.549;24.3616181;20.9346216;3711.207;64.1602295;55.3877921;39.4243;406.964;2.6142709;5.3508867;BEL;1970
9673.162;26.1482949;21.8448544;3734.955;65.4199466;57.5163173;38.675;421.181;2.6077304;-0.08407200000000001;BEL;1971
9711.115;26.953612100000004;23.0328475;3727.107;68.0893488;59.2749887;39.9879;434.755;2.5573634;-0.8232071;BEL;1972
9741.72;28.6185642;24.6356487;3758.907;70.8821379;59.9314782;42.7964;450.562;2.4974461;1.5152076;BEL;1973
9772.419;32.9120628;27.7577032;3819.143;72.0474564;61.8108304;45.7657;468.277;2.4910231;-0.7379614000000001;BEL;1974
9800.7;37.1915573;31.3033605;3765.736;70.66441999999998;63.92971160000001;44.9111;485.892;2.6194896;-4.7762788;BEL;1975
9818.227;39.4705409;34.1725726;3748.205;73.7637288;64.7171679;46.7046;504.597;2.5747849;3.3464195;BEL;1976
9830.358;42.4798354;36.60205870000001;3734.038;73.41856209999997;64.9139668;46.7242;521.816;2.6460797;0.0657413;BEL;1977
9839.534;43.9080608;38.2393051;3740.765;74.4543576;65.1653262;48.0158;539.207;2.6587097;2.7212605;BEL;1978
9848.382;46.8310235;39.9469077;3776.641;74.8982018;64.8461689;46.7091;555.05;2.6742221;6.1056474000000005;BEL;1979
9859.0;48.6945268;42.6028527;3771.304;77.27730600000002;66.1555641;49.3416;573.76;2.6467428;7.788682700000002;BEL;1980
9858.0;52.4995198;45.8531607;3700.982;77.3975594;66.2824091;41.677;584.117;2.7020639;7.5923406;BEL;1981
9856.0;55.711155700000006;49.8532014;3653.034;78.0457834;64.88969300000001;40.0099;592.312;2.7237685000000003;6.6354703;BEL;1982
9854.0;57.4955002;53.6736874;3605.086;78.6423724;64.23524599999999;37.8845;597.599;2.7395393;3.1299346000000003;BEL;1983
9855.0;59.5495207;57.08229670000001;3604.087;80.2875735;63.84003570000001;38.7718;603.431;2.699691;5.6254537;BEL;1984
9857.0;62.128899200000006;59.8606321;3621.069;81.0034646;63.22057;40.5032;610.605;2.6873935;4.3805977999999985;BEL;1985
9859.0;62.5713289;60.6354491;3644.044;81.7526203;62.9468201;41.7454;618.44;2.6731528;7.644806;BEL;1986
9870.0;63.49641170000001;61.57734960000001;3671.015;82.7695658;62.13235279999999;43.8108;627.885;2.6527884;5.3008846;BEL;1987
9904.0;64.5857439;62.2922226;3741.938;84.84171359999998;60.4249142;50.8284;643.742;2.5971153;5.4991118;BEL;1988
9940.0;67.903063;64.2276735;3799.875;85.8799306;59.7682221;56.8023;664.707;2.5917819;4.728681099999998;BEL;1989
9968.0;69.6343608;66.4424442;3840.83;86.74903309999998;60.767557;61.6763;689.313;2.605966;6.8906243;BEL;1990
10006.0;71.0624496;68.5787752;3853.816;87.15643990000002;62.5296019;59.1205;709.602;2.6343791000000003;6.3965234;BEL;1991
10047.0;72.8523818;70.2438375;3848.822;87.6163947;62.6105385;59.7619;729.1519999999998;2.6661482000000003;7.4096762;BEL;1992
10086.0;74.2541127;72.1786523;3823.849;86.3423128;63.1883286;58.2569;745.8530000000002;2.7537039;5.3951501;BEL;1993
10116.0;76.05626290000002;73.8947292;3807.866;88.6190416;62.3590296;58.4805;761.668;2.7241837;3.246859;BEL;1994
10136.8;77.82200970000002;74.97947950000002;3868.8;89.12692340000002;61.74305179999999;60.4648;777.7489999999998;2.7169053;3.1068911;BEL;1995
10156.6;78.6157517;76.5368191;3879.0;89.49445209999998;61.94731659999999;60.7992;792.5239999999999;2.7324104;2.5290633;BEL;1996
10180.7;79.4899258;77.7829613;3905.4;91.7314625;61.4702545;64.8723;809.669;2.6894932000000003;1.9812238;BEL;1997
10202.4;80.4231939;78.5213163;3974.0;91.8016717;61.0781669;66.3331;826.5089999999999;2.6926061000000003;2.3813085;BEL;1998
10226.4;81.9018171;79.4014211;4028.7;93.4955226;61.51133000000001;69.0496;843.988;2.6554739;2.5760492000000004;BEL;1999
10251.2;83.82287640000001;81.42180429999998;4109.7;94.9729987;60.4732428;72.48100000000001;862.941;2.6178114;0.9776369;BEL;2000
10286.6;84.600661;83.43231899999998;4166.1;94.4600729;61.63554620000001;73.6597;880.8439999999998;2.6430576;1.8916686000000005;BEL;2001
10332.8;84.3226445;84.8049594;4175.5;95.4054624;62.2287568;70.6172;893.45;2.6358895;2.2603509;BEL;2002
10376.1;86.039898;86.1524797;4171.7;96.0111508;61.6212803;70.5239;903.82;2.6390938;0.8250719000000001;BEL;2003
10421.1;87.2303163;87.9593411;4212.9;98.2202473;59.99963620000001;76.8922;918.585;2.589722;-0.3791453;BEL;2004
10478.6;88.9493753;90.405871;4273.3;98.921987;59.306633;81.3039;935.539;2.5776727000000004;-0.6474270000000001;BEL;2005
10548.0;92.2501024;92.0252279;4321.4;100.0717129;59.21442729999999;82.8531;951.98;2.557689;0.3149494;BEL;2006
10625.7;94.8107887;93.7028996;4393.5;101.8617845;58.97729350000001;88.8863;972.373;2.5198296;1.5564178;BEL;2007
10710.0;98.6099486;97.909639;4471.7;100.414723;60.7989399;90.5813;992.509;2.560565;1.4175439;BEL;2008
10796.5;98.2694488;97.8576042;4464.3;98.0085316;62.2870664;84.5824;1004.78;2.6456845;2.053074;BEL;2009
10895.6;100.0;100.0;4493.0;100.0;60.6921542;84.5882;1015.652;2.5998462000000004;-1.0491841;BEL;2010
10993.6;102.342296;103.5320821;4553.1;100.3365369;61.27043199999999;89.0039;1029.644;2.5917459;-1.4223338;BEL;2011
11067.8;104.2230768;106.4720448;4572.4;100.3123163;61.7802316;89.5813;1042.905;2.6058603;-1.4187013000000002;BEL;2012
11125.0;104.7677433;107.6571808;4559.1;100.5525646;62.0278843;87.5481;1053.42;2.620102;-0.8345521999999999;BEL;2013
11179.8;104.9146454;108.0232183;4577.2;101.3573504;61.2922321;92.2377;1067.652;2.6142341;-0.5352197;BEL;2014
11238.5;105.2906602;108.6296921;4617.4;102.24609;59.8849988;95.6889;1084.293;2.6020856;-0.8698083000000001;BEL;2015
17855.25;15.7707394;13.342966699999998;6550.3409999999985;61.8759111;61.8690784;66.5089;1062.932;3.0;;CAN;1960
18224.5;15.6731044;13.4585602;6650.314;62.8198122;62.5704818;66.2798;1080.906;2.9577046;;CAN;1961
18570.75;15.8604593;13.6171568;6837.4969999999985;65.5870108;61.6510079;68.9122;1098.741;2.8142526;;CAN;1962
18919.0;16.3098594;13.8580838;6997.028;67.5381381;60.962732900000006;71.6573;1117.47;2.723198200000001;;CAN;1963
19277.25;16.892851800000006;14.106453699999998;7244.8319999999985;69.8503675;60.4686068;80.9279;1143.175;2.6146932;;CAN;1964
19633.5;17.777424800000006;14.4536937;7508.59;71.9794092;60.27765279999999;89.9729;1175.942;2.5263387;;CAN;1965
19997.5;18.7140725;14.9938041;7814.89;73.90571290000003;60.02467289999999;99.4912;1215.515;2.4506827;;CAN;1966
20363.75;19.1892019;15.5295957;8037.17;73.9715764;61.4469488;99.5879;1251.554;2.4501658;;CAN;1967
20692.0;19.3786029;16.1640737;8181.811;76.2906135;60.5663015;100.5083;1284.436;2.3868738;;CAN;1968
20994.25;20.2463832;16.8927356;8432.806;78.06898740000003;61.29153420000001;105.8657;1319.562;2.3281272;;CAN;1969
21287.5;21.1348556;17.4614227;8520.017;78.8269826;59.9446907;106.3249;1352.049;2.3245888;;CAN;1970
21747.319;22.2578768;17.9566923;8703.452;80.1216319;60.0909505;114.4771;1390.267;2.2957655;;CAN;1971
22187.095;23.5784073;18.8141794;8911.688;82.3161919;59.9721551;119.46799999999999;1431.56;2.2418651;;CAN;1972
22453.742;26.1230379;20.2461425;9327.84;84.56988050000002;58.4044559;130.0566;1479.52;2.1661184;;CAN;1973
22772.043;30.5934609;22.4459113;9671.956;84.60290079999999;58.2498063;138.0249;1532.741;2.1641587;;CAN;1974
23103.01;33.8994713;24.8730079;9798.162;84.1856251;60.2025099;145.247;1590.345;2.2052918;;CAN;1975
23414.354;36.1312241;26.7405142;9852.579;86.9585572;60.2028221;151.9814;1648.454;2.1728951000000003;;CAN;1976
23693.935;38.1645358;28.877340500000006;10065.756;87.6118398;60.3113615;154.81799999999998;1704.736;2.1719702;;CAN;1977
23935.46;40.9220414;31.4401471;10352.583;88.4185542;59.31287220000001;157.5109;1759.638;2.1566549;;CAN;1978
24170.164;44.4274456;34.3178895;10812.56;88.257237;58.4567279;168.4493;1819.079;2.1477858;;CAN;1979
24470.715;48.7377105;37.80823400000001;11160.749;87.3217564;58.5923764;175.4653;1879.255;2.1718666;;CAN;1980
24784.554;55.0193724;42.5224304;11489.195;87.5094485;58.91042;188.5247;1949.736;2.1770563;;CAN;1981
25082.945;58.6646968;47.11221320000001;11110.405;85.5813814;59.9647436;168.0715;1993.54;2.2992765;;CAN;1982
25335.951;59.68950400000001;49.8655419;11202.18;86.6785854;58.1416326;167.0111;2032.716;2.2850173;;CAN;1983
25576.735;61.4230211;52.0166363;11484.279;89.77016259999998;57.1915578;170.6529;2071.512;2.1987016;;CAN;1984
25813.2;62.9467098;54.071265;11885.667;91.2855815;57.10640720000001;185.1223;2119.508;2.1478862000000003;;CAN;1985
26067.487;64.79196529999999;56.339439;12228.638;90.7979598;57.5742964;192.4385;2170.917;2.1538138;;CAN;1986
26397.87;67.3076286;58.7936463;12599.203;91.705424;57.3166866;209.9348;2237.332000000001;2.1328491;;CAN;1987
26751.474;69.68220670000001;61.16199200000001;13021.758999999998;92.5532746;57.555067;229.1205;2317.702;2.1161373;;CAN;1988
27214.902;72.041718;64.2100744;13334.261;92.0018062;57.9215609;240.9038;2402.731;2.1440868;;CAN;1989
27632.36;73.0580885;67.2796222;13410.492;90.7721281;59.00874279999999;232.5488;2471.1220000000008;2.2015157000000003;8.1891712;CAN;1990
27987.111;71.8641758;71.0646823;13179.628;88.96351920000002;60.3929694;222.7073;2525.408;2.2978062;4.0187139;CAN;1991
28324.154;72.5124229;72.12364050000002;13050.587;89.63436120000001;60.6242755;216.1625;2568.857;2.3164792000000003;4.8629519;CAN;1992
28651.462000000003;73.41759880000002;73.4688037;13156.755;91.0157824;59.7175429;213.6522;2607.482;2.290367;2.9160913;CAN;1993
28960.064;75.8309127;73.5904408;13413.358;93.3081997;57.9353414;227.9652;2656.914;2.2334029;4.2902491;CAN;1994
29263.007;76.3710876;75.171723;13626.076;94.3556848;56.8587335;224.854;2696.905;2.2075908;5.639990900000001;CAN;1995
29569.875;76.5222234;76.3523183;13766.674;94.6494759;56.7526419;237.8336;2742.215;2.2089201000000003;2.9458744;CAN;1996
29867.572;78.0080315;77.59015459999998;14038.525;96.6184066;57.027895;265.6127;2808.126;2.1691811000000003;2.1909181;CAN;1997
30123.875;79.3510292;78.3629078;14353.885;98.1610109;58.1065377;274.2029;2872.485;2.1356432;3.6951603;CAN;1998
30367.051;79.45049509999998;79.7223812;14730.63;100.6813755;56.9293328;288.2731;2941.297;2.0794831;3.2979881;CAN;1999
30647.4;80.5541754;81.8903835;15067.41;103.4575434;55.921441;302.8762;3013.46;2.0256009;3.3705673;CAN;2000
30971.365;81.7650186;83.95821409999998;15206.0;103.6639291;55.829986700000006;317.4729;3089.248;2.0400465;1.9197582;CAN;2001
31308.655;83.69394;85.8543217;15580.9;104.2531654;55.60185060000001;320.6369;3163.144;2.0276726000000003;0.666531;CAN;2002
31603.334;83.7691321;88.2226674;15919.17;103.6269901;55.00334350000001;337.3663;3250.307;2.046688;1.2783808;CAN;2003
31901.247000000007;85.78173129999998;89.8611906;16181.47;104.3227741;54.4057833;365.8239;3362.384;2.0538542;0.8238521999999999;CAN;2004
32204.096;87.5206065;91.8503148;16427.585;104.9573051;53.9977823;399.2017;3498.877;2.0708993;1.174121;CAN;2005
32529.375;90.8535079;93.6891815;16685.35;104.8578132;54.46163249999999;424.27099999999996;3651.463;2.1057346000000003;2.8493206;CAN;2006
32848.72;94.6762464;95.6926159;17038.295;103.87892;54.9299289;437.7101;3809.169;2.1520723;3.0193318;CAN;2007
33199.417;98.3933943;97.9607899;17285.145;102.3662764;54.6082224;444.8299;3960.439;2.2152147;1.9491818;CAN;2008
33581.074;99.9982472;98.25415;16985.675;99.4126209;57.1888444;394.5016;4052.985;2.3353681;0.6533767;CAN;2009
33958.334;100.0;100.0;17298.105;100.0;55.5499331;439.9162;4190.042;2.3419854;-0.5268765000000001;CAN;2010
34298.451;101.978185;102.9121351;17572.32;100.6997681;54.831373;460.3155;4341.274;2.3524855;-1.2585707;CAN;2011
34664.84;104.3297729;104.4719519;17764.13;100.2437051;55.552062;482.8076;4506.81;2.3998946;-0.4615668;CAN;2012
35034.039;105.7217771;105.4522038;18007.345;100.2858188;55.5748483;489.8022;4667.691;2.4289650000000003;;CAN;2013
35392.414;109.3370447;107.4627934;18113.535;101.2951051;54.93912260000001;500.8239;4835.819;2.4462858;;CAN;2014
35678.065;112.5465133;108.6720092;18282.52;100.3020203;56.57794000000001;474.73199999999997;4968.228;2.4960466;;CAN;2015
4562.056;13.4681279;8.2566581;2132.59;52.9997434;57.2977411;76.0152;1673.725;3.0;;DNK;1960
4594.018;14.1016219;8.6298404;2163.738;55.3590269;59.1262809;86.5896;1713.404;2.8869664;2.6099704;DNK;1961
4629.919;14.8406324;9.1896138;2196.963;57.3835593;59.2037261;92.3578;1756.067;2.8001706000000004;0.3285487;DNK;1962
4666.535;15.41605;9.6716409;2223.957000000001;56.8470998;58.8947384;90.1281;1792.5179999999998;2.8402005;0.5074383;DNK;1963
4703.98;15.8956057;10.0292739;2269.641;60.6280309;58.1968047;111.2808;1846.367;2.6773355;2.0988175;DNK;1964
4740.778;16.773510899999998;10.6667937;2311.1710000000007;61.9590071;60.0447625;116.4964;1901.11;2.6366129000000003;0.4186451;DNK;1965
4779.0;17.643469800000005;11.397609;2322.8;62.6977166;60.58205129999999;121.4633;1957.096;2.6418437000000004;-0.0271131;DNK;1966
4820.0;18.0367901;12.2372691;2322.39;65.31629720000001;60.9118451;131.7984;2018.141;2.5814815;2.7193402;DNK;1967
4855.0;18.6615512;13.2168726;2339.95;67.7589655;60.4437167;138.2501;2080.96;2.5217987;1.4972507;DNK;1968
4879.0;19.9046005;13.6833505;2381.85;70.3279852;59.9565988;155.5886;2159.111;2.456599;3.0627558;DNK;1969
4938.0;21.3555917;14.5696584;2411.05;69.8802004;60.88327320000001;160.1971;2238.014;2.5063519;1.1077053999999995;DNK;1970
4963.0;22.9424995;15.4248678;2410.04;70.9830937;61.9708642;161.4559;2314.234;2.5161013;0.5719616;DNK;1971
4992.0;24.9011338;16.4511191;2457.02;71.81871650000002;59.9652775;177.2253;2401.664;2.5124352;-1.2451336000000002;DNK;1972
5022.0;27.0985158;17.974946799999994;2485.36;73.0533587;59.4810888;186.6785;2496.801;2.5092571;-1.6570134;DNK;1973
5045.0;31.5851848;20.7271661;2467.82;71.58382879999998;62.3248964;173.3071;2575.2960000000007;2.6175226;-4.6811489;DNK;1974
5060.0;35.0902444;22.717471600000003;2444.23;70.2510407;62.60368070000001;156.6748;2634.66;2.7174438;-2.3260544;DNK;1975
5073.0;37.7549602;24.754425;2485.99;72.73082099999998;61.5219656;182.8111;2717.419000000001;2.6460359;-0.6004691;DNK;1976
5089.0;40.8057093;27.5066443;2480.33;73.30784659999998;61.2814289;181.727;2795.0959999999995;2.6717037;4.8163303;DNK;1977
5105.0;43.706579100000006;30.2588637;2501.28;73.7074522;60.7148947;185.4589;2873.5959999999995;2.6869188;6.8496372;DNK;1978
5118.0;46.9244607;33.1665756;2529.76;75.2259724;60.5837338;186.5578;2949.483;2.6551455;2.7376643;DNK;1979
5124.0;51.2992498;37.2560315;2515.24;74.55361040000003;61.2953356;169.2056;3001.831;2.7153844;6.0527018;DNK;1980
5122.0;57.0482711;41.6253741;2475.76;74.51774470000002;60.3781145;140.8725;3022.556;2.7524672000000003;2.6840059;DNK;1981
5118.0;62.4650424;45.8392241;2486.92;76.7420347;59.70993670000001;152.5628;3052.515;2.6809666;5.6868303;DNK;1982
5114.0;66.8224175;49.0112735;2488.7;78.3467833;59.02706379999999;159.2866;3085.2670000000007;2.6411654;4.8626599000000015;DNK;1983
5111.0;70.0910712;52.0900274;2524.68;80.4480922;57.4389758;175.7707;3129.841;2.5721635;4.2823758000000005;DNK;1984
5113.0;72.58681340000003;54.5312615;2583.41;81.8639324;56.9572858;200.1537;3193.7;2.5236053;6.0571986;DNK;1985
5120.0;71.9861883;56.5370217;2646.56;83.68363740000002;56.96488960000001;236.7045;3285.246;2.474585;8.177385899999999;DNK;1986
5127.0;72.6362398;58.8098063;2666.53;82.59059040000002;58.6165031;244.1229;3374.48;2.5353531000000005;5.1262258;DNK;1987
5130.0;74.5518164;61.47690920000001;2653.7;82.1263695;59.2709946;230.257;3441.075;2.58574;4.2181907;DNK;1988
5132.0;76.8758474;64.4110321;2645.22;82.18200590000002;58.2414666;235.0254;3503.343;2.6156548;4.398269;DNK;1989
5140.0;78.8760696;66.1125158;2634.09;83.0567454;57.9385086;234.4558;3557.394;2.6173969;9.323069;DNK;1990
5154.0;80.5949932;67.696012;2608.54;84.29182309999999;57.486808;229.0035;3597.047;2.6101953;6.911357799999998;DNK;1991
5171.0;80.143126;69.1149505;2587.47;86.04941009999997;57.1789423;227.8283;3626.183;2.5808311;10.3939798;DNK;1992
5189.0;80.03264809999997;69.9843175;2545.28;86.72868869999998;57.1387666;221.8064;3640.918;2.5910415;9.6629047;DNK;1993
5206.0;81.1961765;71.3784153;2595.82;90.0836058;54.8060542;237.0232;3663.907;2.4754015;3.5977552000000004;DNK;1994
5230.0;81.54556550000002;72.865662;2612.02;92.0507033;54.6935968;262.0658;3704.251;2.4291147;4.272517400000001;DNK;1995
5262.0;81.82142490000003;74.41500309999998;2637.97;93.6777631;54.74888589999999;276.0016;3751.497;2.3907626;2.264593;DNK;1996
5285.0;83.03562729999999;76.03886259999999;2674.42;95.2900781;54.3346524;304.1748;3815.028;2.3544729;1.8302102;DNK;1997
5303.0;83.475684;77.4422748;2712.12;95.8218402;55.37733420000001;324.3908;3890.564;2.3489865;2.7243769;DNK;1998
5321.0;84.9883181;79.37662440000003;2734.77;97.4660447;55.4779103;323.5428;3957.688;2.3210873;1.5195104;DNK;1999
5338.0;86.33466340000003;81.6811517;2755.15;99.7706321;53.93270160000001;349.9649;4043.945;2.2860206;2.1484779;DNK;2000
5357.0;88.8047657;83.5907508;2782.47;99.2398192;54.8005983;348.3303;4119.527;2.3097343999999995;2.2963102;DNK;2001
5376.0;90.5418857;85.6173556;2784.2;99.0602789;55.3330382;340.3424;4179.317;2.3323804;1.6585922999999998;DNK;2002
5390.0;91.0209128;87.39398270000002;2758.65;99.4228794;55.7265159;345.9186;4234.445;2.3539645;1.207007;DNK;2003
5403.0;92.0030275;88.4028212;2744.15;101.7903295;54.5468542;358.0842;4293.182;2.3245915;1.0042318;DNK;2004
5419.0;93.7146971;90.00982059999998;2783.16;102.5534611;54.2945956;379.3642;4369.788;2.3120464;0.5183197;DNK;2005
5437.0;96.1213437;91.7418088;2845.94;103.9701511;54.1805161;431.2175;4493.293;2.2878682999999995;0.9570427;DNK;2006
5460.0;99.6935036;93.2952415;2912.41;102.3951142;55.6447269;434.1956;4611.5920000000015;2.3269457;2.6508771;DNK;2007
5493.0;103.3630089;96.4824569;2946.87;100.3740597;56.4478611;423.3555;4699.748;2.3836326;2.3044466;DNK;2008
5523.0;99.8020263;97.7412731;2854.35;96.9062947;58.7972019;368.4574;4735.748;2.5258216;1.2080741000000002;DNK;2009
5547.0;100.0;100.0;2787.86;100.0;56.3847434;347.2822;4743.52;2.4835007;-1.1916655;DNK;2010
5570.0;101.8390525;102.7586823;2786.63;101.2569733;56.02147;348.63199999999995;4755.202;2.4567752;-0.9455904;DNK;2011
5591.0;104.1701674;105.222748;2766.81;101.68979;55.2029615;361.6467;4778.95;2.4634651;-1.6972238000000002;DNK;2012
5613.0;104.76508;106.053031;2766.4;102.3382588;55.0788706;371.5297;4813.122;2.4581373;-0.5363726;DNK;2013
5643.0;104.9241943;106.6511919;2790.51;103.0616467;54.909912;383.0887;4859.001;2.4420225;-0.2915816;DNK;2014
5682.0;105.8706442;107.13329170000002;2829.0;104.0517791;55.0922149;404.23;4924.807;2.418441;-0.5065854999999999;DNK;2015
4429.634;7.3643401;7.915139999999999;2199.24;41.6076611;66.558675;12.46783;131.4466;3.0;;FIN;1960
4461.005;7.546775200000001;8.0580274;2241.073;43.1989376;64.564413;13.6087;139.6845;2.9627082;;FIN;1961
4491.443;7.9249469;8.4173953;2231.858;43.5997251;65.59976479999999;13.68137;147.7362;3.0427518;;FIN;1962
4523.309;8.2311168;8.8269359;2240.452;44.0602621;67.2011061;13.27456;155.0618;3.0920522;;FIN;1963
4548.543;8.6229101;9.7410775;2239.52;45.4654182;68.5000514;14.07987;162.9093;3.0868267999999994;;FIN;1964
4563.732;9.0269852;10.2104016;2265.614;46.522405600000006;68.66524059999999;15.55083;171.9456;3.0939797;;FIN;1965
4580.8690000000015;9.3565465;10.6122753;2269.963;46.5783392;69.3721312;16.16425;181.1808;3.1845947;;FIN;1966
4605.7440000000015;9.8530538;11.209655;2228.233;47.2190743;68.1074698;15.965;189.8544;3.266213;;FIN;1967
4626.469;10.9576533;12.2400324;2199.137;47.9343562;65.03997779999999;15.13714;197.33;3.3183884;;FIN;1968
4623.785;11.458221;12.5099257;2232.375;51.1312278;62.1325613;17.05671;206.3825;3.166816;;FIN;1969
4606.0;12.5274487;12.8518332;2279.8;53.1697163;62.1831726;19.1817;217.0935;3.0996151000000003;8.7789683;FIN;1970
4612.0;13.9085818;13.685152800000004;2264.5;53.566846700000006;64.5194653;19.87958;228.0557;3.1811537;1.2922904;FIN;1971
4640.0;15.4599853;14.6622269;2285.3;56.2418355;63.97078270000001;21.18298;239.8397;3.1053173;-0.6504800999999999;FIN;1972
4666.0;17.9072812;16.2730073;2328.2;58.2551559;63.12953879999999;22.98502;252.8064;3.0595309;-2.5655635;FIN;1973
4691.0;22.6814977;18.9861792;2336.0;58.792561600000006;62.3269591;23.71613;266.1009;3.1194617;-7.729339200000001;FIN;1974
4711.4;25.4428399;22.3679235;2323.1;59.6524088;67.3698156;25.84578;280.5771;3.1837161;-3.7310996;FIN;1975
4725.7;27.746306800000006;25.5760671;2301.9;59.2623213;68.38302359999999;24.11554;292.3995;3.3025757000000007;0.1936842;FIN;1976
4738.9;30.629829;28.8136006;2260.1;59.2370002;66.6283423;23.49039;302.8544;3.4110591;0.6722606;FIN;1977
4752.5;32.4607154;31.060825399999995;2239.0;60.7527632;63.1778537;21.94563;311.1165;3.3987597000000003;0.7201706;FIN;1978
4764.7;35.0992539;33.3801557;2288.0;63.5350219;62.0251695;22.96699;319.943;3.2622148;0.9777963;FIN;1979
4779.5;39.5076068;37.250482700000006;2360.1;64.9894456;63.08434370000001;25.5505;330.6467;3.1927907;2.6005728;FIN;1980
4800.0;43.2207229;41.7382952;2398.8;64.351263;64.58923610000001;26.22566;341.3072;3.2543476000000005;1.2695412;FIN;1981
4826.9;46.2773148;45.7401103;2413.7;65.20205820000001;63.38788620000001;27.83834;352.8315;3.2640707000000004;4.3381709000000015;FIN;1982
4855.8;50.2860608;49.5584933;2406.3;66.4352377;62.4019114;28.97458;364.7929;3.2738308;5.9369697;FIN;1983
4881.8;53.6484876;53.0525945;2414.2;67.6188012;61.7384664;28.79564;375.7346;3.2673471000000003;8.500968199999999;FIN;1984
4902.2;56.3730044;56.1526909;2425.8;68.9450759;62.8325446;30.23158;387.3431;3.2538793;7.173459599999998;FIN;1985
4918.2;58.374602;57.79997460000001;2416.5;70.15868359999999;62.3672279;30.81232;398.6983;3.260657;7.8351893;FIN;1986
4932.1;61.45236510000001;60.1773042;2440.7;71.3441653;62.8273223;32.56333;410.8658;3.2451536;6.6762766;FIN;1987
4946.5;65.7640891;63.23787900000001;2448.7;73.8398216;60.630125;36.08402;425.5725;3.1957111;5.1643207;FIN;1988
4964.4;71.4663117;67.4070953;2476.7;75.7842773;60.3478189;40.31718;443.3593;3.169145;6.3652139000000005;FIN;1989
4986.4;76.2361943;71.55233869999998;2468.4;75.40178320000003;62.2370375;38.87466;458.4133;3.2558243;7.7809951;FIN;1990
5013.7;76.42239509999997;74.6363968;2331.7;72.91267409999998;65.4348419;32.299859999999995;465.9923;3.5176292;8.043327;FIN;1991
5042.0;74.25915359999998;76.8152744;2176.1;73.30005899999998;63.8555099;27.8581;468.4582;3.6577225;9.4980623;FIN;1992
5066.4;73.93576920000002;78.4980307;2051.1;75.50310809999998;59.91506800000001;24.37035;467.0298;3.6718676;4.0405754;FIN;1993
5088.3;75.6108485;79.3525263;2017.5;79.32087309999999;57.46615799999999;24.57674;466.0091;3.5251459;4.6318688;FIN;1994
5107.8;75.4108181;79.9803948;2058.7;81.551755;56.1070824;27.6583;467.7604;3.3951992;5.3821038;FIN;1995
5124.6;75.5186695;80.4836268;2093.5;83.42819399999998;56.41251460000001;30.425890000000006;471.5647;3.3017278;2.6293609;FIN;1996
5139.8;77.02069709999998;81.44344140000003;2164.6;86.4901322;54.56648570000001;33.73799;477.9759;3.147262;1.278627;FIN;1997
5153.5;78.66928850000002;82.583221;2207.8;89.45792390000003;53.58137489999999;37.33882;487.07300000000004;3.0412042;1.9025077;FIN;1998
5165.5;80.11757890000001;83.5430293;2253.3;91.512929;53.6753;39.03164;496.8073;2.9718275000000003;1.5087485;FIN;1999
5176.2;83.3046475;86.08449250000002;2299.8;94.7820242;52.884122;41.45891;507.8178;2.871886;1.3079166000000002;FIN;2000
5188.0;86.0867603;88.3041301;2335.5;95.5548048;52.5164047;42.19005;518.5706;2.8581076000000003;1.5248488000000002;FIN;2001
5200.6;86.00385229999998;89.6915824;2364.4;95.8441409;52.6421444;40.94404;527.0808;2.8562527;1.6524466;FIN;2002
5213.0;86.2203078;90.4785726;2370.0;96.9772778;52.721026;42.08905;535.874;2.8468602;1.3206017;FIN;2003
5228.2;88.0625964;90.6478766;2382.5;99.7970902;52.4287766;44.05085;545.7223;2.7878787;1.8251442;FIN;2004
5246.1;91.0984585;91.2134055;2418.9;100.8666586;53.04807099999999;45.48349;556.2536;2.7648268;1.111586;FIN;2005
5266.3;93.7251523;92.6424129;2464.4;102.992142;53.1717628;46.10046;566.711;2.7077517;1.664062;FIN;2006
5288.7;97.7243727;94.9683542;2518.9;105.9671861;51.8360046;50.84741;581.0891;2.63673;2.305416;FIN;2007
5313.4;102.0853536;98.8297233;2575.1;104.4139815;53.193203;51.17016;594.8046;2.6779692;1.1836697;FIN;2008
5338.9;101.7461636;98.8297224;2509.8;97.0245742;56.58514570000001;45.01473;601.5223;2.9461002;-0.6565384;FIN;2009
5363.4;100.0;100.0;2494.7;100.0;55.4463658;46.05216;608.6569999999999;2.889003;-0.6223684;FIN;2010
5388.3;102.7559259;103.4168075;2534.5;101.0105903;55.3565453;47.84159;617.2542;2.8570261;-1.8599519;FIN;2011
5414.0;106.7656117;106.3210992;2556.1;98.5757731;56.49156120000001;47.70547;625.3629;2.9355787;-2.1885361;FIN;2012
5439.0;108.47968;107.8928293;2536.7;97.7725024;55.938143200000006;45.50655;631.0726;2.9893456;-2.1610582000000003;FIN;2013
5462.5;109.1737909;109.0162054;2525.7;97.3681728;55.5196455;44.67221;635.9104;3.023295;-1.0547135;FIN;2014
5480.5;109.7813059;108.78952920000002;2523.8;97.657594;55.04369770000001;44.827;640.7704;3.029418;-0.1949969;FIN;2015
46640.0;11.2788183;10.326168;20153.0;46.9935472;62.29220820000001;97.9551;1408.8970000000004;3.0;;FRA;1960
47141.0;11.6063881;10.5852291;20145.0;48.6702419;63.6116863;109.3434;1462.165;2.9657275000000003;0.5934881;FRA;1961
47999.0;12.0889213;11.127878;20129.0;51.2906864;63.593627100000006;116.5876;1519.759;2.8851057;-0.6973971999999999;FRA;1962
48840.0;12.9345639;11.8003129;20279.0;53.42454010000001;64.23159129999999;126.4799;1583.95;2.8305198;-0.9238366;FRA;1963
49357.0;13.4956154;12.1820066;20495.0;55.6557534;63.84387629999999;139.4561;1658.156;2.7783096;1.2873985;FRA;1964
49830.0;13.99245;12.502384;20558.0;57.25093100000001;63.34754010000001;147.4164;1737.263;2.7759066000000003;1.4660881;FRA;1965
50260.0;14.2631535;12.8360466;20716.0;58.90429320000001;62.4898738;158.6481;1822.969;2.767507;1.6829113000000002;FRA;1966
50669.0;14.5639536;13.1855492;20774.0;60.55883370000001;62.0772705;170.6539;1915.888;2.7721492000000003;1.5774466;FRA;1967
51053.0;14.8743448;13.7833827;20721.0;62.1832684;63.584522;180.2649;2016.4;2.7921773;1.0326306;FRA;1968
51473.0;15.7105152;14.69444;21033.0;64.7228303;62.41134449999999;194.2824;2126.667;2.7493996;2.0520455;FRA;1969
51944.0;16.4833711;15.5002378;21316.0;66.7977798;62.60521189999999;204.5906;2242.422;2.7321517;3.3639469;FRA;1970
52439.0;17.345304000000002;16.3193207;21416.0;68.77207779999999;62.7632115;218.6659;2364.279;2.7351993;0.2789727;FRA;1971
52907.0;18.3500741;17.3146879;21547.0;70.22131259999999;62.27938320000001;231.7599;2490.553;2.756909;-0.6535094;FRA;1972
53333.0;19.8706527;18.6125486;21846.0;72.59659659999998;61.91973520000001;247.833;2625.244;2.7326302000000005;1.8085157;FRA;1973
53682.0;23.1409171;21.1500195;22047.0;73.85106929999998;63.02937320000001;253.8604;2758.155;2.7525917;-1.2427001;FRA;1974
53932.0;25.9660068;23.497410100000003;21876.0;72.29583199999998;65.795511;241.3878;2872.046;2.8940322;-3.6947079;FRA;1975
54149.0;28.8565909;25.7661114;22058.0;73.9861604;65.8475473;246.7529;2983.731;2.8810516;-0.9175396;FRA;1976
54395.0;31.524451000000006;28.2197835;22254.0;75.1826872;66.2120911;245.1091;3086.245;2.8802571;-0.296258;FRA;1977
54634.0;34.2029544;30.848717800000006;22387.0;76.9409445;65.7538657;251.9713;3188.515;2.8618418;-0.8422596;FRA;1978
54873.0;37.8230666;34.0959244;22538.0;78.406256;65.1851679;259.4877;3292.462;2.8538285;-1.077655;FRA;1979
55157.0;43.1183727;38.7012859;22641.0;78.4443847;65.8638937;267.447;3397.54;2.8991371;-0.9124767;FRA;1980
55470.0;48.1213174;43.871779;22618.0;78.466974;66.0913913;264.8787;3494.129000000001;2.950021;1.4753068;FRA;1981
55805.0;54.2192641;49.1276038;22677.0;79.5269388;65.7072282;262.5188;3583.195;2.9512765;2.5381801;FRA;1982
56107.0;58.585761;53.77435379999999;22652.0;79.9289991;64.8900968;254.5695;3659.939;2.9775385;2.6888621;FRA;1983
56381.0;62.32174770000001;57.90195960000001;22536.0;80.80333309999997;63.95764250000001;252.4391;3731.128;2.9901909;3.5321934;FRA;1984
56663.0;64.9330472;61.2779303;22487.0;81.6726665;62.95891020000001;258.2639;3804.166;3.0000407000000004;3.5813881000000003;FRA;1985
56953.0;67.149455;62.83348639999999;22597.0;82.68162530000002;61.2816601;269.0698;3883.075;2.9923309;4.8833446;FRA;1986
57263.0;69.0894928;64.90001579999999;22797.0;83.6324825;60.63942370000001;282.9457;3970.158;2.9830164;5.2077507;FRA;1987
57594.0;71.1100531;66.6528454;23020.0;86.14574470000002;59.0549926;307.5267;4074.163;2.9225411;5.1652030999999985;FRA;1988
57938.0;73.10110999999998;68.98456329999999;23420.0;87.9169421;58.0276873;330.1768;4191.209;2.881341;5.3829477;FRA;1989
58256.0;74.5288868;71.1881258;23632.0;88.9561358;58.3450552;345.3942;4312.974;2.8808178;7.2698485;FRA;1990
58548.0;76.96492950000003;73.4756902;23686.0;89.0055269;58.46482750000001;343.54900000000004;4423.4079999999985;2.9239335;6.7680511;FRA;1991
58839.0;77.10504370000002;75.2124795;23537.0;90.1170123;58.28295060000001;338.4403;4521.026;2.9414169;7.6088637000000015;FRA;1992
59095.0;77.21611;76.7952982;23294.0;89.83491679999999;58.3624319;320.0362;4595.5790000000015;3.0088372000000003;6.9712512;FRA;1993
59315.0;77.4741097;78.0666561;23411.0;91.2821622;57.3433826;325.0142;4670.802;2.9876292;4.8723108;FRA;1994
59530.0;77.595475;79.46910909999998;23645.0;92.2867555;57.21658420000001;329.3349;4746.562;2.9734469;5.557110099999999;FRA;1995
59742.0;78.3212723;81.04488909999998;23779.0;93.0217116;56.9822794;331.8105;4820.61;2.9777581000000004;2.3233898;FRA;1996
59955.0;78.8459967;82.0206233;23963.0;94.3510639;56.4353205;334.4277;4892.63;2.9532487;2.6034514;FRA;1997
60176.0;79.00025140000002;82.5546816;24382.0;96.2485164;55.7896036;355.8639;4978.793;2.901146;3.3144219;FRA;1998
60487.0;79.38154399999998;82.9981172;24968.0;97.4336307;56.12955110000001;383.7673;5083.23;2.8640128;3.4543486000000003;FRA;1999
60903.0;81.2175121;84.3891323;25602.0;98.7147262;55.9243564;409.2769;5201.608;2.8200596;2.0733071;FRA;2000
61348.0;82.6092417;85.7687096;25970.0;98.70095;56.0351672;418.5867;5318.51;2.8273518;2.2432931000000003;FRA;2001
61796.0;83.8238198;87.4183955;26098.0;98.5949401;56.4707226;414.7467;5422.606;2.8503232999999994;2.4543409;FRA;2002
62235.0;84.7926517;89.2528463;26105.0;98.6424281;56.59354939999999;422.70599999999996;5526.626;2.8812827000000003;0.6162479999999999;FRA;2003
62695.0;86.96938229999998;91.1647222;26141.0;100.5375655;56.09372439999999;437.4167;5637.9540000000015;2.8584363;-0.0262505;FRA;2004
63168.0;89.3627182;92.7563392;26321.0;100.9784401;56.1654069;450.0997;5753.86;2.8694748;0.3580988;FRA;2005
63609.0;92.9395941;94.3101234;26607.0;101.7007715;55.9800369;466.50800000000004;5878.124;2.8613617;0.8977246999999999;FRA;2006
64003.0;95.5230826;95.7134562;26992.0;102.2757044;55.41161870000001;492.3268;6018.319;2.8602525;2.1178886;FRA;2007
64361.0;98.9375373;98.4057435;27129.0;101.4000089;55.6776221;496.5269;6153.638000000001;2.9171268;1.8251532;FRA;2008
64692.0;98.8995905;98.4919671;26819.0;98.62607690000002;57.5447989;451.4931;6239.664000000002;3.0454115;2.742986;FRA;2009
65011.0;100.0;100.0;26846.0;100.0;57.4985934;460.8896;6330.539000000002;3.030684;-0.28220890000000004;FRA;2010
65330.0;102.5292857;102.111598;27048.0;101.2928116;57.4606776;470.4118;6426.816;3.0107585;-0.4388189;FRA;2011
65651.0;103.9636804;104.107058;27140.0;100.9785745;58.0541157;471.5;6519.894;3.0448285;-0.8393244000000001;FRA;2012
65991.0;104.2632495;105.0062468;27190.0;100.9683542;58.4164478;467.7019;6605.251;3.0670145;-0.4686019;FRA;2013
66312.0;104.7661703;105.5394253;27334.0;101.2417304;58.5135233;467.8555;6686.513000000001;3.0753408;0.0977645;FRA;2014
66581.0;104.494238;105.5790178;27391.0;101.6877708;57.95405770000001;472.647;6767.26;3.078221;-0.30340759999999994;FRA;2015
72777.683;25.4692427;24.6737708;;55.1078829;;;;;;DEU;1960
73340.128;27.1333632;25.2818816;;56.0565842;;;;;;DEU;1961
73987.94900000001;29.0881335;26.0129084;;57.4397186;;;;;;DEU;1962
74676.166;30.2354976;26.7952021;;57.93489399999999;;;;;;DEU;1963
75279.841;31.0715499;27.4197222;;60.5930287;;;;;;DEU;1964
75924.87;31.861373600000004;28.3006244;;62.443316;;;;;;DEU;1965
76561.16;32.6167342;29.2998566;;63.2104494;;;;;;DEU;1966
76912.006;32.2529413;29.825768300000004;;63.437597;;;;;;DEU;1967
77254.808;32.6522067;30.2596455;;65.9726781;;;;;;DEU;1968
77869.86200000001;34.671229;30.8512962;;69.1742603;;;;;;DEU;1969
78129.336;39.41908220000001;31.9162674;;70.915635;;;;;;DEU;1970
78272.81599999999;42.2678084;33.5794633;;71.7228003;;;;;;DEU;1971
78648.233;43.8879668;35.4333021;;73.3723987;;;;;;DEU;1972
78896.321;46.0026383;37.918235;;75.1962113;;;;;;DEU;1973
78927.072;49.0678475;40.5675153;;75.46320279999998;;;;;;DEU;1974
78633.344;51.0286003;42.9669875;;75.29352270000003;;;;;;DEU;1975
78296.911;53.049097;44.8011046;;78.4861688;;;;;;DEU;1976
78119.866;54.7498493;46.47744820000001;;80.2205927;;;;;;DEU;1977
78051.907;56.9810494;47.7396363;;81.31652779999997;;;;;;DEU;1978
78086.41900000001;60.4592296;49.6592141;;82.80545959999998;;;;;;DEU;1979
78248.562;64.9792456;52.3610856;;82.2480144;;;;;;DEU;1980
78367.832;68.17189559999998;55.6874772;;81.913713;;;;;;DEU;1981
78293.329;70.20260520000001;58.58656559999999;;81.41935529999998;;;;;;DEU;1982
78088.35;71.87740670000002;60.5390128;;82.58524940000002;;;;;;DEU;1983
77818.891;73.8036639;61.99184399999999;;83.92527170000002;;;;;;DEU;1984
77645.168;74.9162237;63.2671799;;84.63108050000002;;;;;;DEU;1985
77680.712;76.07742009999998;63.17514540000001;;85.02586240000002;;;;;;DEU;1986
77800.136;77.0723613;63.3394928;;84.95220069999998;;;;;;DEU;1987
78104.678;78.2380495;64.154656;;86.74929559999998;;;;;;DEU;1988
78711.033;80.3014503;65.929608;;88.42004449999997;;;;;;DEU;1989
79392.43;83.7028853;67.711134;;90.507734;;;;;;DEU;1990
79973.0;87.7640495;70.189493;38871.0;92.6720047;59.249794;489.4186;6342.0;2.8620552000000004;;DEU;1991
80500.0;91.2811401;73.7482667;38360.0;93.9943765;60.0807206;511.3536;6534.4;2.8931015;5.0031253;DEU;1992
80946.0;93.8951911;77.0220303;37863.0;92.8452459;60.0075785;488.1461;6691.51;2.9919633;3.136819;DEU;1993
81147.0;95.0624414;79.11723909999998;37879.0;94.0797674;59.121707;505.5972;6856.25;2.9938297;3.0752186000000004;DEU;1994
81308.0;96.171051;80.4806653;38042.0;94.3955032;59.3011143;504.6277;7010.91;3.0150876;3.0954517000000004;DEU;1995
81466.0;95.8238374;81.64381429999997;38057.0;94.3467348;59.1104139;502.4463;7153.23;3.0512439;2.5959678;DEU;1996
81510.0;95.7110699;83.1998149;38040.0;95.2995379;58.2465626;505.0518;7288.48;3.0544551;2.1743209;DEU;1997
81446.0;95.1280215;83.97781529999997;38495.0;95.7630031;57.9338478;525.3508;7432.75;3.0532688;3.2265709;DEU;1998
81422.0;94.2382412;84.45539959999998;39120.0;95.8414471;58.2404406;547.8919;7586.11;3.0584032000000003;2.3250518;DEU;1999
81457.0;94.842754;85.6801724;39971.0;96.5920938;59.0482361;559.3441;7736.77;3.0313789;3.4349676;DEU;2000
81517.0;94.52676540000002;87.37482659999998;39859.0;97.7486161;58.28690699999999;544.6804;7858.15;3.0275379;2.127594;DEU;2001
81578.0;94.0912164;88.5995994;39666.0;97.4279529;58.0363718;511.5354;7935.18;3.0632949000000003;2.0021125;DEU;2002
81549.0;93.3665576;89.52395609999998;39237.0;97.0314851;58.05814590000001;503.23400000000004;7995.9;3.1089184;0.8314349;DEU;2003
81456.0;93.8090918;91.018333;39362.0;97.735806;57.11225329999999;501.0526;8048.38;3.0925249;1.0241455;DEU;2004
81337.0;93.9663454;92.4356801;39311.0;98.2572377;56.59600579999999;505.5366;8098.64;3.089535;1.0922197;DEU;2005
81173.0;94.5512752;93.8915421;39595.0;101.1626688;55.27858120000001;543.5897;8178.42;3.0053292000000003;1.7708238;DEU;2006
80992.0;96.8600621;96.0406716;40272.0;102.7017484;54.1937326;563.2222;8266.11;2.9495363;2.3676303;DEU;2007
80764.0;98.3363257;98.567247;40838.0;102.4176972;55.1653639;572.1295;8350.3;2.951179;2.6172918;DEU;2008
80483.0;98.991058;98.875366;40903.0;96.3911825;57.7323995;518.019;8371.45;3.137396;1.1541528;DEU;2009
80284.0;100.0;100.0;41048.0;100.0;56.67909640000001;545.3469;8414.02;3.0268587000000005;-0.8317795;DEU;2010
80275.0;101.9554389;102.075173;41544.0;102.8175425;56.242339;585.6419999999999;8489.33;2.9386347;-0.3719101;DEU;2011
80426.0;103.8969492;104.1253438;42019.0;102.2401185;57.2893952;584.3089;8554.85;2.9489426;-0.8048679;DEU;2012
80646.0;105.5565702;105.692141;42350.0;101.9561713;57.4690301;576.7952;8606.04;2.9539382;-1.1498881;DEU;2013
80983.0;107.21257620000002;106.65055420000002;42721.0;103.3837651;57.27833149999999;595.4582;8668.78;2.9106902000000003;-0.6872809;DEU;2014
81687.0;108.8195304;106.900575;43122.0;104.287647;57.4152096;605.941;8733.55;2.8822931;-0.5430583000000001;DEU;2015
50199.7;2.9517973;4.102463899999999;20928.82;48.9565061;67.52215759999999;117.9788;1296.603;3.0;;ITA;1960
50536.35;3.0579924;4.1370808;20970.934;52.0165208;64.8912536;130.95600000000002;1363.9620000000002;2.9095046;-0.6983676;ITA;1961
50879.45;3.1794282000000003;4.3857578;20749.758;54.8662037;64.63087220000001;144.1251;1439.6470000000004;2.8705353;-1.8719003;ITA;1962
51252.0;3.381234;4.7068477999999985;20426.916;57.70643070000001;66.0802648;149.6473;1514.865;2.8437225;-3.9193071;ITA;1963
51675.35;3.6376232;4.9834303;20336.06;59.0770818;66.5698988;152.0058;1588.167;2.8677769;-1.4123485;ITA;1964
52112.35;3.6638946;5.2158586;19990.682;61.440307;65.48298489999999;153.2008;1657.43;2.8611142000000003;-0.21328920000000004;ITA;1965
52519.0;3.7248458;5.331013;19673.347;65.1595522;63.6754535;156.6598;1727.154;2.7947034;0.2464411;ITA;1966
52900.5;3.8213678;5.5277645;19906.964;68.4738723;62.8559983;170.8927;1807.478;2.7152133;0.0723186;ITA;1967
53235.75;3.8884548;5.5980581;19873.313;72.1623522;62.0860161;188.4546;1900.451;2.6601631;2.5502062000000003;ITA;1968
53537.95;4.1078989;5.7517151;19963.66;75.11190490000001;60.662668;207.3396;2007.522;2.6361974;1.0165678;ITA;1969
53821.85;4.519449;6.0335961;19994.557;77.92386379999998;62.0377304;218.7218;2120.052;2.625501;0.2370739;ITA;1970
54073.489;4.7854376;6.3292533;20000.877;77.67358490000002;64.54570770000001;221.53799999999998;2233.039;2.7214785;-0.1509574;ITA;1971
54381.345;4.9805666;6.6927314;19949.214;79.09140550000002;64.3923805;228.5571;2346.922;2.7655386;-1.5429031000000002;ITA;1972
54751.405;6.0029815000000015;7.412976299999999;20231.706;81.6615563;64.01024220000001;242.5159;2472.126;2.7296524;-6.3927069;ITA;1973
55110.868;7.7859767999999985;8.827326699999997;20545.999;83.15997320000002;63.2623015;247.3642;2597.241;2.729948;-5.6507052;ITA;1974
55441.001;9.207187199999998;10.3253936;20561.749;79.939911;66.4928573;230.6903;2696.614;2.9044584;-6.0079956;ITA;1975
55718.26;11.0539382;12.0520031;20769.806;83.3287054;65.0317403;229.5425;2792.446;2.8201493;-2.2617427000000005;ITA;1976
55955.41099999999;13.0840623;14.2770264;20833.608;83.5452209;65.096816;234.2981;2887.685;2.8538639;-3.2942812999999997;ITA;1977
56155.143;14.973657800000002;16.0025762;20902.726;84.6209867;64.5350196;235.324;2983.233;2.8652372;-0.9715056;ITA;1978
56317.749;17.4828535;18.3748982;21135.16;87.31200290000002;63.9823703;247.9939;3089.726;2.8112587;-3.2817729;ITA;1979
56433.883;21.8316379;22.2668343;21440.725;87.6551113;63.367753500000006;261.1917;3210.781;2.8335856;-3.1126153;ITA;1980
56501.675;26.9284605;26.2410741;21423.371;87.00809029999998;64.5184286;255.7618;3321.825;2.9153538;0.9164553;ITA;1981
56543.548;31.3013466;30.557598;21467.209;85.89647629999997;63.7320418;245.8317;3418.482;2.995518;2.0794522;ITA;1982
56564.074;35.4028105;35.041554999999995;21536.428;85.4980666;63.4931657;241.1311;3507.3390000000004;3.045211;2.5251866;ITA;1983
56576.718;38.933781;38.824695;21535.224;87.0052311;62.0314142;247.9641;3598.127;3.0326713;5.2683870000000015;ITA;1984
56593.071;42.7854861;42.3877699;21739.068;87.9854904;61.3010162;248.9259;3685.148;3.0266867000000004;5.3525519;ITA;1985
56596.155;44.8811548;44.8562416;21888.64;89.07621879999998;59.8923157;255.2584;3773.93;3.0178265;5.8722438;ITA;1986
56601.931;47.23641170000001;46.9856952;21938.598;90.6637785;59.1808892;265.122;3867.316;3.0004785;5.7180233;ITA;1987
56629.288;50.4004035;49.3623479;22174.042;92.7568402;58.2150229;281.2296;3971.62;2.9620607000000003;4.8247629000000005;ITA;1988
56671.781;53.295795700000006;52.4523477;22325.42;94.6048302;57.8729478;291.1154;4079.113;2.946401;5.4397718;ITA;1989
56719.239;57.1068003;55.8389907;22681.144;94.9073862;58.3881434;301.144;4191.076;2.9684261000000003;5.3527709;ITA;1990
56758.52099999999;60.7248489;59.3289272;23105.584;94.8655449;58.5692917;303.6504;4299.7159999999985;3.0021722;4.5758366;ITA;1991
56797.087;63.32543860000001;62.45591170000001;22937.955;95.2004528;58.1807195;298.3206;4397.441;3.0483708;8.2049057;ITA;1992
56831.821;65.8622057;65.3455811;22321.803;95.7721874;57.0875664;267.2617;4459.812;3.1176401;4.4932739;ITA;1993
56843.4;68.44570959999999;67.9932809;21954.54;97.9174208;55.1807497;266.085;4517.816;3.09401;3.1567373;ITA;1994
56844.3;71.4102459;71.5530165;21910.4;99.9848752;53.2321694;281.2746;4586.614000000001;3.0590582000000004;3.7649593;ITA;1995
56860.3;73.07617059999998;74.4201292;22044.6;100.3212673;53.7981902;288.257;4657.364000000001;3.0673877;4.4252261;ITA;1996
56890.4;74.7261073;75.9406126;22115.8;101.3920013;53.9479261;293.9381;4728.753;3.0584296;4.7163083;ITA;1997
56906.7;76.1313323;77.4253166;22341.4;102.1420214;51.6038802;305.839;4806.122;3.0531885;2.9691214;ITA;1998
56916.3;76.79636509999997;78.7132557;22585.3;102.7940065;51.6541571;319.1734;4890.333;3.056987;1.2786021;ITA;1999
56942.1;79.20838140000002;80.7107505;23028.6;104.7479378;50.9461663;340.9067;4989.058;3.0049063;1.2528897;ITA;2000
56979.8;80.9999729;82.95867840000003;23481.0;104.8670405;50.9717591;350.0175;5089.468;3.0067114;1.6658293000000002;ITA;2001
57099.5;83.2546605;85.0038779;23875.4;103.6443766;51.2776564;363.5115;5195.997;3.0618701;0.3692407;ITA;2002
57412.6;84.55797840000002;87.2756538;24226.2;102.6784757;51.8596007;361.2405;5294.029;3.1153189;-0.7047045999999999;ITA;2003
57844.8;87.0194466;89.20159759999999;24373.3;103.1223303;51.80288970000001;367.0809;5392.024;3.1284488;-0.3161328;ITA;2004
58190.6;89.4634698;90.9725106;24510.8;103.2089607;51.9796423;372.7722;5490.571;3.1597836;0.1872495;ITA;2005
58428.4;91.9692815;92.8746038;24994.4;103.2308869;52.1290415;382.2428;5593.033;3.1621272;0.3817513;ITA;2006
58787.4;94.5667308;94.5739686;25303.6;103.4110196;51.86964310000001;388.061;5695.7930000000015;3.1730389;1.9962371;ITA;2007
59241.9;97.2807247;97.7401468;25359.7;102.0863607;52.7076381;375.8158;5781.72;3.2521941;1.3781844;ITA;2008
59578.3;98.113451;98.4974063;24941.8;98.0718991;54.0841205;339.1846;5827.965;3.460979;1.8004162;ITA;2009
59829.6;100.0;100.0;24782.8;100.0;53.83376139999999;338.5056;5870.051;3.4272532;-0.7621518;ITA;2010
60060.0;102.2042634;102.7806327;24849.7;100.3982636;53.26674570000001;333.6557;5904.6;3.4232111000000005;-1.4850092;ITA;2011
60339.1;103.6077627;105.9065652;24782.6;98.2345859;53.2478316;301.1584;5905.382;3.5288565000000003;-2.0036967;ITA;2012
60646.4;103.3217631;107.1986183;24338.8;98.0200627;53.0898762;281.7469;5887.158;3.5839495;-0.8836231;ITA;2013
60789.1;103.6373214;107.4570178;24357.3;98.0466771;52.72032660000001;275.4936;5862.834;3.5693036;-0.034295099999999995;ITA;2014
60730.6;104.9154151;107.4987009;24516.2;98.5414285;52.70111770000001;280.3421;5843.183000000001;3.5298668;-0.1743907;ITA;2015
93673.615;39.5128273;18.6679079;47643.799000000006;;;13032.1;195466.8;3.0;;JPN;1960
94560.845;42.6782951;19.6768429;48309.695;;;16044.0;204368.3;2.8042298;;JPN;1961
95458.881;42.6623408;21.009605;48932.63;;;18387.5;214355.9;2.7084395;;JPN;1962
96389.953;42.7031474;22.6192017;49351.501;;;20617.0;225088.1;2.6143131;;JPN;1963
97379.848;43.62763820000001;23.4873598;49995.916;;;23827.3;236779.9;2.4734385;;JPN;1964
98447.002;43.3632959;25.0360067;50801.436;;;25048.7;247919.1;2.4507684;;JPN;1965
99595.128;45.0280546;26.3077186;51843.241;;;28510.3;261003.9;2.3402751;;JPN;1966
100820.021;47.22248270000001;27.3542075;52842.086;;;33595.0;277362.6;2.2388066;;JPN;1967
102120.482;48.2631474;28.8230273;53722.787;;;40415.6;297878.8;2.1485403;;JPN;1968
103491.93;49.5954014;30.3341203;54130.917;;;48002.4;322804.5;2.0797309;;JPN;1969
104925.645;51.7600809;32.6190394;54710.891;;;55868.5;352673.5;2.0603186;1.0684425;JPN;1970
106425.269;52.4579236;34.7267312;55096.84400000001;;;58499.2;382405.4;2.1400806;-0.4141544;JPN;1971
107977.039;54.3545056;36.4329579;55383.294;;;64397.5;414169.0;2.137963;-0.6448229;JPN;1972
109532.878;63.2705686;40.6483414;56634.627;;;71845.0;452577.3;2.1625221000000003;-2.4968192000000005;JPN;1973
111030.141;78.8774561;50.0827713;56396.421;;;65732.9;487158.4;2.3566333;-5.2161002;JPN;1974
112423.055;81.86786790000002;55.90401529999999;56257.72;;;65286.2;520303.7;2.4414942;-1.1491924999999998;JPN;1975
113690.108;85.8569527;61.2234279;56718.049000000006;;;67179.4;554130.9;2.500818;-2.2941706;JPN;1976
114839.12;89.9652587;66.2417416;57398.493;;;69094.0;587847.4;2.5414060000000003;-1.0288367;JPN;1977
115890.284;92.538701;69.0519973;57958.326;;;74569.6;625053.7;2.5669286;0.4645392;JPN;1978
116878.026;98.6693644;71.5611542;58554.343;;;78966.2;665270.5;2.5900509;2.1928083;JPN;1979
117827.355;107.0265128;77.1816656;58959.393;74.6643735;72.1701982;78662.0;704258.3;2.6667026000000003;2.9623341;JPN;1980
118743.18;108.3233512;80.8952178;59408.666;75.93398420000003;71.8581356;80926.4;741450.6;2.6949682;2.723395;JPN;1981
119615.624;109.32332859999998;83.2036421;59894.123;76.77010179999998;71.6468281;80889.0;776163.9;2.7289938;4.1110273;JPN;1982
120438.087;108.9205137;84.7091362;60800.712;77.2484578;71.4291559;79791.9;806847.2;2.7526258;4.487393900000002;JPN;1983
121199.799;109.3782002;86.6160955;61007.75900000001;79.3835212;69.9866739;83236.1;838143.8;2.7372106;4.0613807;JPN;1984
121894.038;109.317483;88.42268840000001;61338.433;82.869372;67.372435;90111.4;872450.7;2.6795447;4.8617609;JPN;1985
122519.652;108.211504;88.9493223;61652.02;83.6943747;66.7559595;95126.5;907601.4;2.7107589;4.7196565;JPN;1986
123083.205;107.5024993;89.0615557;61896.256;85.57296099999998;66.53732140000001;102688.2;946082.0;2.7142060000000003;3.9637361000000007;JPN;1987
123594.968;107.7355769;89.6658897;62614.893;89.3726768;65.1477164;116360.8;993542.7;2.660246;4.0637071;JPN;1988
124068.903;110.3849102;91.7033584;63537.563;91.5396299;64.3021522;127052.7;1045728.6;2.6572758;3.3577178;JPN;1989
124515.561;113.4691737;94.5264612;64597.929;93.7434319;63.72529350000001;137034.9;1103250.0;2.6554687;5.0714437000000006;JPN;1990
124940.015;115.9314055;97.5999309;65911.578;93.9281839;64.36660189999999;140511.9;1157935.2;2.697422;4.4675969;JPN;1991
125341.476;116.7795557;99.317966;66655.342;92.6632666;64.38269620000001;137379.6;1204203.5;2.7824155;2.7111801;JPN;1992
125717.524;116.0779198;100.5525339;66907.619;91.5116245;64.7242144;133686.6;1242846.2;2.8667987;1.9439023;JPN;1993
126063.174;115.0573643;101.2518346;66983.0;91.3138718;65.09044499999999;131687.9;1276602.6;2.919451;1.7693544999999995;JPN;1994
126375.466;113.7373109;101.1223345;67214.0;92.6060529;64.71011510000001;136286.3;1314043.1;2.9248692000000003;1.5808086;JPN;1995
126654.021;112.7439871;101.2604679;67281.0;94.2517336;63.76917629999999;145137.6;1357788.8;2.9313685;0.525654;JPN;1996
126902.628;113.0541563;103.030303;67765.0;93.8844219;64.5064241;142240.9;1394933.2;2.9794998;-0.573982;JPN;1997
127127.265;111.5701437;103.712337;66989.0;92.7907394;64.0760009;136571.2;1423328.4;3.0748472;0.6099015;JPN;1998
127335.858;109.4674762;103.35837;66091.0;92.7215361;63.647623;135249.1;1448784.1;3.1377453;0.9182867;JPN;1999
127533.934;108.61971640000002;102.6590693;65610.0;95.1278019;62.4270432;135937.5;1473539.1;3.1050503;1.2225241000000002;JPN;2000
127723.513;106.3661005;101.8993352;65370.0;95.2320933;61.68887660000001;133617.5;1494288.7;3.1360312;1.2234121;JPN;2001
127902.617;104.2779677;100.958301;64607.0;95.7508844;60.1194826;126788.5;1506601.9;3.1581461;1.4979451;JPN;2002
128067.794;102.5973216;100.6993007;64641.0;96.9267328;59.5115539;125809.7;1517205.5;3.1325019;1.1097715;JPN;2003
128213.632;101.8412051;100.6906674;65010.0;98.4730196;58.56190060000001;125948.0;1527037.2;3.084791;0.616822;JPN;2004
128335.767;101.6589298;100.4057671;65531.0;99.3107027;58.77981389999999;129843.1;1539427.0;3.0589594;0.5080278;JPN;2005
128432.994;102.2871881;100.656134;65989.0;100.0165258;58.51903950000001;130337.0;1550406.6;3.0376419;0.3392067;JPN;2006
128505.251;102.6775998;100.71656740000002;66512.0;101.0050648;58.03714839999999;127846.8;1557195.8;3.0012967999999995;1.186485;JPN;2007
128550.508;103.8453022;102.1065354;66411.0;99.9872936;59.34630010000001;123002.1;1557532.7;3.0351365;0.2613275;JPN;2008
128566.659;100.9288058;100.7252007;65632.0;95.557121;59.9422073;111021.6;1545146.6;3.1834277;2.7711891;JPN;2009
128551.873;100.0;100.0;65494.0;100.0;58.5041681;109252.9;1532566.3;3.0304788;1.6969203000000002;JPN;2010
128505.399;99.2132049;99.7323664;65455.0;100.1482878;59.7185289;111061.8;1523347.6;3.0157308;0.7447375;JPN;2011
128426.384;98.7803952;99.6805663;65177.0;102.0228106;59.0885876;114997.5;1519110.2;2.9630419;0.8186691999999999;JPN;2012
128312.92;99.580966;100.0259;65549.0;103.6564359;58.2521562;120668.5;1520586.7;2.9077589;0.2998044;JPN;2013
128162.873;101.3747042;102.7885695;65934.0;103.5450975;57.8814624;124354.2;1525280.0;2.9058449;-1.8565343;JPN;2014
127974.958;102.3694958;103.6001036;66220.0;104.3662597;56.5189483;126403.0;1531600.5;2.8826339;-0.319021;JPN;2015
11486.631;18.2675796;16.4324332;4586.710999999998;52.1878515;58.1549848;32.1195;457.719;3.0;;NLD;1960
11638.712;18.7079075;16.6478386;4691.257000000001;52.5736799;60.0391606;34.0582;474.317;3.0163942;-1.2265198999999998;NLD;1961
11805.688999999997;19.206132;17.0714003;4826.553;53.2732187;60.7676346;35.2132;491.152;3.0040572999999995;-0.7129018;NLD;1962
11965.966;20.0200188;17.5907553;4923.924;54.0472804;62.0931101;35.6119;507.601;2.9960669;-1.7205669999999995;NLD;1963
12127.12;21.2094632;18.6455171;5039.745;56.9276557;62.567551;42.4318;530.044;2.8894284;-3.1177557;NLD;1964
12294.732;22.1761015;19.5050677;5117.642;58.5931051;63.0991296;44.6867;553.683;2.8677758;-0.0196952;NLD;1965
12456.251;23.3255857;20.6271438;5203.739000000001;58.83176;64.8674133;48.2754;580.001;2.9239323;-0.5266789000000001;NLD;1966
12598.201;23.6905135;21.3339429;5236.538;60.8784581;64.3909193;52.3591;608.869;2.9155337;1.6677569;NLD;1967
12729.721;24.0918543;22.1256615;5322.635;63.0892127;63.6647674;58.2028;642.092;2.8892255;1.9425334;NLD;1968
12873.0;25.5227868;23.7774486;5449.73;65.2602892;64.685253;56.8965;672.9169999999998;2.8450265;-0.3265342;NLD;1969
13032.0;27.546424;24.8316926;5537.088000000002;67.3021779;65.83968589999999;63.6203;708.658;2.8228095;1.8415533;NLD;1970
13194.0;30.3331053;26.5679048;5597.02;68.4592054;66.6061416;65.9279;745.053;2.8449661;-2.7074137;NLD;1971
13330.0;32.7913148;28.693337100000004;5572.641;69.88643559999998;66.756524;63.2236;777.485;2.8674732000000005;-4.4127087;NLD;1972
13438.0;34.800743100000005;31.0174975;5618.352;72.080708;67.5338442;64.9272;810.265;2.8340774;-1.4313698;NLD;1973
13543.0;38.7891575;34.0572122;5661.015;73.30494959999999;67.15120440000001;61.2688;837.948;2.833469;1.2159471000000002;NLD;1974
13660.0;42.7999651;37.42887620000001;5666.094;72.6158141;70.2726829;60.0045;862.812;2.9174869;-3.7934843;NLD;1975
13773.0;46.49574310000001;40.76004620000001;5719.931;74.7902624;68.4606617;60.128;886.635;2.8701388;-1.3759354;NLD;1976
13856.0;49.7562562;43.5317293;5773.768;75.5420175;69.049948;64.1076;913.559;2.884589;-1.0716313999999998;NLD;1977
13939.0;52.9757191;45.360062;5841.826;76.27104;69.08893929999999;65.2978;940.715;2.8923516;2.7891622000000003;NLD;1978
14034.0;56.3175563;47.3105446;5964.736999999999;76.22017530000002;69.53764059999999;63.5475;964.757;2.9077035;4.5491556;NLD;1979
14148.0;62.1281552;50.6222828;6049.048000000002;75.9280773;68.71574190000001;63.632;988.718;2.9404626;3.4767962;NLD;1980
14247.0;66.3818885;54.064598;6021.6219999999985;75.2657066;66.76746659999999;57.6512;1005.592;3.0142671;5.8600629999999985;NLD;1981
14312.0;68.4100387;57.3084739;5932.232;74.9020284;66.8489494;56.0605;1019.691;3.0949299;3.0724584;NLD;1982
14368.0;68.9346887;58.8558027;5879.411;76.792218;65.66617289999999;57.2706;1033.978;3.0746472;2.8328341;NLD;1983
14423.0;69.51025920000001;60.7391884;5927.153;78.4944436;62.62331999999999;61.402;1051.0;3.0324221;3.2576559;NLD;1984
14488.0;69.26655670000001;62.1361897;6037.874;79.0738512;62.8027305;66.079;1070.648;3.011411;3.3588083;NLD;1985
14567.0;68.61113320000001;62.1879789;6181.101;79.53852380000002;63.5698562;70.5775;1092.586;2.9897926;5.828754;NLD;1986
14664.0;69.16657109999998;61.75813370000001;6313.154;79.68095059999997;65.1784024;71.6077;1113.286;2.9887179;5.8479684;NLD;1987
14760.0;70.0312355;62.2138735;6426.923000000002;80.93677840000002;64.1030126;78.6237;1138.603;2.9549947;3.9581337;NLD;1988
14846.0;70.6616419;62.8871273;6599.608;82.67133879999999;62.2962722;81.2016;1163.663;2.8921946;5.5943533;NLD;1989
14947.0;71.5791304;64.4304339;6800.735;84.0992301;62.3040047;83.5415;1188.214;2.8346348;7.194477;NLD;1990
15068.0;72.7290543;66.4652743;6931.772;84.82476700000002;62.5320338;84.5969;1211.299;2.820902;5.4998559999999985;NLD;1991
15182.0;73.7727627;68.5812532;7029.289000000002;84.99089690000002;63.58935970000001;86.1045;1233.436;2.8242698;6.0663958;NLD;1992
15290.0;74.3991675;70.35351709999999;7057.731;85.4843735;63.78623689999999;84.6953;1252.318;2.8318928;4.5680483;NLD;1993
15381.0;74.59814870000002;72.3244898;7107.505;87.48820570000002;62.3802339;86.421;1271.247;2.7920227000000004;2.5590816000000003;NLD;1994
15459.0;74.9973305;73.7154522;7268.0;88.63904620000002;61.308446;91.5107;1293.179;2.754364;2.204059;NLD;1995
15530.0;75.7297777;75.2736404;7420.0;89.7600411;60.7156539;97.6789;1319.342;2.7150956;1.6875557;NLD;1996
15611.0;76.6261327;76.8613464;7648.0;91.1299148;59.7116311;103.9057;1349.655;2.6622273;0.983522;NLD;1997
15707.0;77.2629793;78.367165;7830.0;92.8263177;59.27646020000001;110.9349;1383.868;2.6080761000000003;1.5949625;NLD;1998
15812.0;78.3965576;80.05768509999999;8055.0;94.9348364;59.508101;122.0132;1425.215;2.5572661;1.1729903999999998;NLD;1999
15926.0;81.1689748;81.9474647;8203.0;96.9461624;59.2706629;124.8652;1465.3339999999996;2.5233793;1.3215689;NLD;2000
16046.0;83.9517312;85.3530712;8367.0;97.2780511;58.3500439;126.4748;1503.305;2.5298979;0.9987749;NLD;2001
16149.0;86.6574993;88.15907990000002;8427.0;96.837463;58.897625;121.3213;1533.3010000000004;2.5747834;-0.0922264;NLD;2002
16225.0;88.164804;90.0033665;8380.0;97.0466821;59.05669150000001;119.2234;1559.12;2.6140701;0.0023393;NLD;2003
16282.0;89.4583209;91.1406917;8285.0;98.811607;58.3051902;119.4661;1583.344;2.6030178;0.7549509;NLD;2004
16320.0;90.7069608;92.6792652;8340.0;100.0345916;57.01887760000001;123.3614;1609.5220000000004;2.5928771;0.341011;NLD;2005
16346.0;92.7451925;93.7001283;8521.0;101.325359;55.6711971;131.9585;1642.259;2.5571136;0.304313;NLD;2006
16382.0;94.7475377;95.2123159;8772.0;102.2243356;55.6240505;151.4679;1691.618;2.5382064;2.1868971;NLD;2007
16446.0;96.904415;97.579772;8915.0;102.3388457;56.263447;146.9824;1733.235;2.5454069;2.4830935000000003;NLD;2008
16530.0;98.5718601;98.7407535;8839.0;98.6791218;59.2078986;134.3883;1760.0839999999996;2.6832291;2.755321;NLD;2009
16615.0;100.0;100.0;8779.0;100.0;57.8791287;125.2748;1776.112;2.6717873;-0.812973;NLD;2010
16693.0;99.1588177;102.3410702;8855.0;100.7259095;58.4490399;131.4222;1797.129;2.6621088;-0.6964234;NLD;2011
16755.0;98.9955793;104.8541039;8837.0;99.8103474;59.2310274;123.1354;1808.46;2.7067831;-0.6940326;NLD;2012
16804.0;99.5613984;107.4826899;8733.0;100.2519773;58.9217975;121.1683;1816.525;2.7223987000000003;-1.8278266;NLD;2013
16865.0;99.409089;108.5317587;8725.0;101.6847572;58.84855570000001;118.25200000000001;1820.301;2.6897711;-0.6717325;NLD;2014
16940.0;99.5049899;109.1832185;8808.0;102.0790505;57.6333721;152.533;1857.092;2.6914062000000003;-0.1989218;NLD;2015
3581.239;9.7449186;9.002818300000003;1531.02;53.758374;58.0543509;139.1624;1656.86;3.0;;NOR;1960
3609.8;9.802766900000002;9.2356498;1548.031;55.51051460000001;57.6477189;156.3763;1739.9;2.9643587000000005;;NOR;1961
3638.918;9.8794155;9.7013129;1555.474;55.69855550000001;59.68628860000001;162.5046;1822.85;3.0206839;;NOR;1962
3666.537;10.3282146;9.9341444;1562.276;56.4280044;59.90514279999999;168.6517;1909.78;3.0493089;;NOR;1963
3694.339;10.3910098;10.4774179;1567.2779999999998;57.9232489;58.8158059;174.2173;1997.43;3.0371366;;NOR;1964
3723.168;10.8682321;10.9430809;1580.181;59.4387259;58.3787744;186.067;2090.42;3.0189702;;NOR;1965
3753.012;11.2376519;11.3311334;1587.984;60.215483;59.42544760000001;197.0819;2188.88;3.0458475;;NOR;1966
3784.539;11.384935;11.7967964;1598.187;62.34214839999999;60.78153960000001;220.2766;2296.93;3.0080028;;NOR;1967
3816.486;11.3582367;12.2624595;1600.188;62.4871676;61.33972560000001;213.5481;2393.83;3.0656287;;NOR;1968
3847.707;12.238238699999998;12.5729015;1613.9920000000004;64.0469003;60.6640184;195.2294;2470.87;3.027902;;NOR;1969
3877.0;13.3881976;13.89228;1641.0;63.5707167;58.00217289999999;224.266;2570.03;3.0876947999999995;;NOR;1970
3903.0;14.137458;14.823606;1654.0;65.3457868;59.53229200000001;260.791;2701.89;3.071867;;NOR;1971
3933.0;15.2257749;15.8325426;1673.0;67.0228081;59.6722873;254.067;2822.89;3.0470086;;NOR;1972
3960.0;16.133199800000003;17.074310600000004;1685.0;68.1791926;59.0557304;283.79;2967.64;3.0643494;;NOR;1973
3985.0;18.6269145;18.6265207;1708.0;68.6896132;58.4600876;300.86400000000003;3122.4;3.1024494;;NOR;1974
4007.0;21.1807589;20.7996148;1736.0;69.58672159999999;60.5017708;330.55199999999996;3305.64;3.1295379;;NOR;1975
4026.0;23.4681333;22.7398773;1794.0;70.332049;61.35903070000001;363.30800000000005;3512.98;3.1427489;;NOR;1976
4043.0;25.7503551;24.8353609;1844.0;70.2850376;61.3498416;374.365;3719.98;3.1950038;;NOR;1977
4059.0;27.2483731;26.853234000000004;1876.0;70.981794;60.9551603;333.394;3873.59;3.2029927;;NOR;1978
4073.0;28.295238;28.095002;1902.0;72.2263069;57.6262958;339.80800000000005;4026.17;3.1896903;;NOR;1979
4086.0;30.998242699999995;31.1994222;1948.0;73.3495318;54.5796705;335.731;4170.51;3.1598126;2.4745147000000003;NOR;1980
4100.0;34.1776556;35.39038929999999;1973.0;72.7611998;53.72754820000001;352.653;4325.85;3.2259445;0.1275563;NOR;1981
4115.0;37.7759185;39.4261355;1974.0;71.756805;54.0258473;355.455;4475.97;3.3300582000000003;3.6638432;NOR;1982
4128.0;40.6123679;42.7633871;1970.0;73.45853709999999;52.5475302;375.01800000000003;4637.41;3.3183351;4.5636461;NOR;1983
4140.0;43.0061489;45.4797547;1984.0;76.40565169999998;50.834700700000006;379.87800000000004;4795.09;3.2353462000000004;6.5829438;NOR;1984
4153.0;46.55919779999999;48.0409013;2039.0;78.4244157;50.581352;367.85900000000004;4934.58;3.1542934;6.3905645999999985;NOR;1985
4167.0;49.7372761;51.4885531;2106.0;79.0473401;55.041578;395.07800000000003;5090.03;3.1272511;6.9203233;NOR;1986
4187.0;54.4317792;55.97683470000001;2149.0;78.50574420000002;56.4645132;398.12;5239.0;3.1633104;5.999109099999999;NOR;1987
4209.0;58.61283470000001;59.714053;2137.0;77.5719278;57.2865766;394.1;5379.36;3.2563763;7.218963499999999;NOR;1988
4227.0;60.6855634;62.4287395;2076.0;78.8485731;54.3314259;367.517;5488.38;3.2882287000000003;6.1945109;NOR;1989
4241.0;60.88996410000001;65.0076916;2058.0;80.31324599999998;53.10153489999999;329.61800000000005;5551.57;3.2630352000000005;6.6337269;NOR;1990
4262.0;61.35123299999999;67.2427835;2038.0;82.8404662;52.5004587;328.309;5606.23;3.1965565;6.6591141;NOR;1991
4286.0;61.8243803;68.80825259999999;2034.0;85.5959158;52.8960024;321.834;5647.59;3.1090102;9.3638344;NOR;1992
4312.0;63.04723520000001;70.3827708;2049.0;87.3267957;51.3592055;338.749;5697.61;3.0497693;4.6738095999999985;NOR;1993
4337.0;63.7858708;71.35100899999998;2077.0;90.6132741;51.2439217;356.543;5760.72;2.9351635;4.8278805999999985;NOR;1994
4359.0;65.76006559999999;73.1065062;2120.0;92.8379313;50.4125659;368.05;5829.6;2.8517544;3.0809886000000004;NOR;1995
4381.0;67.0237578;74.0294996;2163.0;95.7536745;49.0989734;402.5;5923.16;2.7588144;3.5864099;NOR;1996
4405.0;68.20893840000001;75.9297801;2226.0;98.1931113;49.0045094;461.91;6064.92;2.6830511;1.3022212;NOR;1997
4431.0;69.6848823;77.64003259999998;2285.0;97.9885513;52.8212635;518.774;6250.06;2.694245;3.1843264;NOR;1998
4462.0;70.5857385;79.4769704;2306.0;98.4449362;51.67821890000001;493.20599999999996;6390.62;2.7004831;4.4833440000000016;NOR;1999
4491.0;73.4268103;81.9292372;2320.0;100.4364633;45.792329;476.98;6504.88;2.6634036;3.746669;NOR;2000
4514.0;75.53442700000002;84.3905529;2335.0;101.4252446;46.7736931;474.05699999999996;6607.23;2.6503202;4.9233071;NOR;2001
4538.0;75.2515699;85.4764275;2323.0;102.5160583;49.121703;472.381;6698.12;2.648474;5.4518106;NOR;2002
4565.0;75.5599674;87.6029319;2288.0;103.6440836;48.7143798;474.691;6787.15;2.6594746;1.215048;NOR;2003
4592.0;78.52663359999998;88.0010859;2294.0;106.6263917;46.4438236;522.8580000000001;6921.26;2.6084821;0.8139141;NOR;2004
4623.0;81.2243292;89.3493801;2318.0;107.4663866;44.1319527;584.997;7108.98;2.6106882;1.1891405000000002;NOR;2005
4661.0;85.29723759999997;91.4306398;2392.0;106.6310417;43.22813170000001;638.035;7337.38;2.6314175;1.3624863;NOR;2006
4709.0;90.7378889;92.0821645;2485.0;105.6941941;45.0422745;716.207;7625.66;2.6552986;3.7233423;NOR;2007
4768.0;95.4142176;95.5388653;2564.0;102.7346339;44.4924783;724.299;7899.35;2.7375548;2.8171125;NOR;2008
4829.0;98.308973;97.6382228;2555.0;99.9667089;49.2029841;673.4839999999999;8100.16;2.8564784;-0.0084155;NOR;2009
4889.0;100.0;100.0;2547.0;100.0;47.4500484;630.238;8245.44;2.8874461;0.4991303;NOR;2010
4953.0;103.9923593;101.2849516;2584.0;99.1765633;46.77810170000001;677.197;8429.98;2.9233791;1.4551358;NOR;2011
5019.0;107.0903993;101.9907701;2637.0;99.5345643;47.0249993;728.275;8653.82;2.9220182;1.5245073;NOR;2012
5080.0;109.6027558;104.1534703;2666.0;98.6246678;47.9063304;774.4060000000001;8909.83;2.9776692;;NOR;2013
5137.0;113.7471375;106.2799747;2694.0;98.80355;48.7801756;772.455;9143.71;2.9968089;;NOR;2014
5191.0;117.2125842;108.5874581;2707.0;99.5449441;50.7386804;741.5269999999999;9329.95;2.9988565;;NOR;2015
8857.716;1.8783837;1.2397843000000002;4463.539000000002;35.1561736;64.1499501;5.5401;96.2699;3.0;;PRT;1960
8929.315999999999;1.9772082;1.2459566;4494.68;36.0168998;66.8878486;6.39898;97.9837;2.947869;;PRT;1961
8993.985;2.078604;1.2762861;4519.308;39.4150886;63.12483620000001;6.38199;99.6962;2.7136848;;PRT;1962
9030.355;2.2401224;1.2983149;4529.846;40.738361;66.78423760000001;5.6812;100.54700000000001;2.6356418;;PRT;1963
9035.365;2.2830341;1.3386478000000002;4524.518;43.042075;67.52295529999999;6.24993;101.7523;2.5149959;;PRT;1964
8998.595;2.2852431;1.4021801;4532.57;46.754896;65.0222531;7.17207;103.4086;2.3360859;;PRT;1965
8930.99;2.3427856;1.494552;4529.846;48.4203513;67.5731931;8.63635;106.1585;2.2937575;1.1785622;PRT;1966
8874.52;2.5629228;1.561809;4504.0340000000015;50.1399968;69.3719691;8.575330000000001;108.8226;2.2575577;-3.1696316;PRT;1967
8836.65;2.5408595000000003;1.6522653000000005;4477.511;52.4531272;69.5511484;9.11492;111.1722;2.1949517000000003;1.5995112;PRT;1968
8757.705;2.5724221000000003;1.7941222;4450.988;53.4015808;72.09113559999999;10.31252;114.1079;2.1993623;-1.2393763;PRT;1969
8680.431;2.7268497000000003;1.8720211;4553.054;56.536938;73.2384635;10.76649;117.2276;2.082963;0.1888961;PRT;1970
8643.756;2.90292;2.0773038;4676.433;60.4886686;72.1011135;12.96923;122.154;1.9644511;1.8292212;PRT;1971
8630.43;3.0110645000000003;2.3084465;4677.025;65.43789620000001;71.5492278;15.72751;128.8094;1.8767109;-3.3673010000000003;PRT;1972
8633.1;3.3815017;2.6096129;4657.843;67.27605140000001;71.243565;17.13105;136.8655;1.9005615;-8.4152481;PRT;1973
8754.365;4.1886682;3.2930374;4625.4;67.7270929;78.7104569;18.20273;146.7834;1.9805587;-10.3081479;PRT;1974
9093.47;5.0811935;3.8611034;4571.644;63.7000845;88.4271806;14.363320000000002;153.2564;2.1789157;-12.6133607;PRT;1975
9355.81;6.043212400000002;4.6293440000000015;4554.475;64.36847970000001;86.9828205;13.44757;159.2796;2.2138523;-8.1276352;PRT;1976
9455.675;7.7328832;5.8668935;4568.0909999999985;66.81125;81.0034859;16.13441;167.6464;2.1979053;-6.7727129;PRT;1977
9558.25;9.2887977;7.090714900000001;4495.845;70.59038890000002;75.34985309999998;15.53211;174.3203;2.1526819;-0.4923039000000001;PRT;1978
9661.265;11.7068775;8.6306015;4594.147;73.16976600000002;70.091789;17.63096;183.4419;2.1151286;-2.0844982;PRT;1979
9766.312;14.4879671;10.0161802;4576.382000000001;75.5989944;67.31584740000001;16.66891;191.5361;2.1080262000000003;-3.871339700000001;PRT;1980
9851.362;17.2980687;11.9402403;4624.941;75.1540727;68.6931417;19.13551;202.4146;2.1803348;-3.8460668;PRT;1981
9911.77;20.2125518;14.5049443;4537.298;76.2374804;68.72687140000001;19.51991;212.8679;2.2443819;-0.9142412;PRT;1982
9957.865;25.1425332;17.985918100000006;4485.186;76.2055667;63.2896558;18.99461;222.8431;2.3269443;-4.2412912;PRT;1983
9996.232;30.8272304;23.1078768;4416.493;75.17143979999999;58.4891826;16.73224;230.5313;2.4325697;-3.4959668;PRT;1984
10023.613;35.8418642;27.6253742;4416.493;75.56150749999998;58.3162133;16.5855;237.3854;2.4645642000000003;3.4846274;PRT;1985
10032.733;39.9489359;31.0319512;4296.517;78.6004011;56.2590299;17.57461;244.0046;2.4518857000000005;2.4141246;PRT;1986
10030.031;43.4049886;34.0218275;4395.044;82.2040092;56.525151;21.43876;253.6338;2.36792;4.8260272;PRT;1987
10019.61;48.0538524;37.4585874;4491.93;83.9517062;54.77341060000001;24.7212;265.6088;2.3540146;0.9677598;PRT;1988
10005.0;53.3937507;42.2106975;4577.2170000000015;86.9784738;55.9426369;25.56388;278.0243;2.3104372000000004;2.2543522;PRT;1989
9983.218;57.52698710000001;47.9642564;4655.629;91.2121826;55.5237496;27.353620000000006;291.2637;2.2440864;5.7442606;PRT;1990
9960.235;61.5024902;53.64777339999999;4785.665;91.0643665;58.07020720000001;28.647890000000004;305.1803;2.2746559;6.755333500000001;PRT;1991
9952.494;63.7476587;58.7761037;4707.458;93.1328303;60.3280706;30.88958;320.6165;2.3171795;7.820236;PRT;1992
9964.675;66.14846990000001;62.7633453;4611.189;92.3922095;60.6364908;28.096740000000004;332.6928;2.4210988;7.3319698;PRT;1993
9991.525;68.499107;66.1653948;4563.157;93.1934128;58.2716058;28.2506;344.05;2.4670112;4.06154;PRT;1994
10026.2;70.75233459999998;68.9594378;4528.98;94.7537316;58.9980381;29.444470000000006;354.1213;2.4819604;4.5035436;PRT;1995
10063.9;72.9453056;71.0757873;4604.87;95.9347746;60.068299;30.97179;365.2808;2.4734977;4.372196400000001;PRT;1996
10109.0;75.6225295;72.7367311;4725.55;97.0718391;60.0782916;35.35809000000001;380.2721;2.4664652;2.6102963;PRT;1997
10160.2;77.4747823;74.608067;4858.13;98.2439123;60.0830298;39.50716;398.5646;2.4665223;1.8186448;PRT;1998
10217.8;79.1498625;76.35396659999998;4933.24;99.2977594;59.7266089;41.90504;418.147;2.4904182999999995;0.4654613;PRT;1999
10289.9;82.8864787;78.5323684;5041.86;99.9142529;60.249474;43.60529;438.2295;2.5140841;0.6418145000000001;PRT;2000
10362.7;84.8671939;81.964157;5130.09;99.1322729;60.4010408;44.02936;457.5807;2.57505;0.4215170999999999;PRT;2001
10419.6;87.0979429;84.9151507;5149.93;98.3013612;59.80882439999999;42.53593;474.4902;2.6497809;-0.16403410000000002;PRT;2002
10458.8;88.4794187;87.6485617;5100.19;96.9721373;59.642226;39.4249;487.6306;2.7487405;-1.2037652;PRT;2003
10483.9;90.746272;89.7217675;5064.18;98.1903508;58.67467779999999;39.49935;500.2702;2.7704338;-0.2242315;PRT;2004
10503.3;93.2009982;91.7648793;5040.96;98.350959;58.7176091;39.54286;512.3657;2.8154049;-1.5789369;PRT;2005
10522.3;95.9488859;94.6166247;5060.86;98.8835853;57.25029960000001;39.24361;523.7123;2.8317367;-0.4447311;PRT;2006
10543.0;98.138268;96.9384838;5061.58;100.4914268;56.1184932;40.45475;535.6982;2.8257164;0.8643683000000001;PRT;2007
10558.2;101.2581007;99.4477429;5080.13;99.7921775;56.6343815;40.62608;547.0201;2.876255;1.7962286;PRT;2008
10568.2;99.5120594;98.6168271;4941.69;97.84695759999998;57.5966515;37.56356;554.566;3.009903;3.2155693;PRT;2009
10573.1;100.0;100.0;4871.33;100.0;56.58631389999999;37.14078;561.0557;2.9931165;-1.0114267;PRT;2010
10557.6;100.4264729;103.653011;4776.73;99.4145084;55.535329;32.46392;562.5078;3.0526414;-0.3123344;PRT;2011
10514.8;98.9960753;106.52765990000002;4581.45;98.129231;54.0188188;27.03838;558.9168;3.1614218;-1.2207827;PRT;2012
10457.3;98.2097256;106.8199896;4450.17;99.3080055;53.5992933;25.73905;554.3324;3.1646897000000003;-0.5522908000000001;PRT;2013
10401.1;99.3048016;106.5228662;4512.99;99.5136809;52.5775361;26.328090000000003;550.0797;3.1157281;-0.014180000000000003;PRT;2014
10358.1;100.508703;107.0426324;4575.82;100.643068;51.5004846;27.88649;546.9806;3.0436314;-0.8923252;PRT;2015
5328.0;31.7711549;24.0315311;2640.244;;;40.6641;596.842;3.0;;CHE;1960
5434.0;34.1456687;24.4750066;2763.61;;;46.979;617.523;2.8646783;;CHE;1961
5574.0;36.3247075;25.5312882;2869.492;;;51.5658;642.255;2.8369344;;CHE;1962
5694.0;38.7196337;26.409528700000006;2914.176;;;55.3772;670.194;2.8205547;;CHE;1963
5789.0;40.406314;27.2232532;2958.86;;;60.1881;700.438;2.8048393;;CHE;1964
5857.0;41.4907113;28.1528001;2939.432;;;58.6654;727.444;2.8263567000000003;;CHE;1965
5918.0;42.8980345;29.4973935;2927.776;;;58.1703;751.9960000000002;2.8529582;;CHE;1966
5992.0;43.9042995;30.6836643;2943.318;;;58.1703;774.709;2.8535011000000003;;CHE;1967
6068.0;44.5922873;31.4237793;2960.803;;;59.9919;796.5939999999998;2.8294915;;CHE;1968
6137.0;45.9950083;32.206011600000004;3010.344;;;63.6165;819.95;2.7578109;;CHE;1969
6270.0;50.3728249;33.3705537;3053.085;;;69.044;846.377;2.6765012;;CHE;1970
6343.3;55.352309700000006;35.5640011;3107.483;;;75.8501;878.1139999999998;2.6681251;;CHE;1971
6401.4;60.629417;37.932618100000006;3150.224;;;79.6267;911.418;2.6834338;;CHE;1972
6441.1;64.99218499999999;41.2536593;3183.252;;;81.93700000000001;946.584;2.7044868;;CHE;1973
6460.0;69.07935259999999;45.282749;3180.338;;;78.4509;978.218;2.7547882;;CHE;1974
6403.5;69.18164859999999;48.3390679;3028.8;;;67.7989;1002.092;3.0437003;;CHE;1975
6333.3;67.1407968;49.1750272;2953.032;;;60.6745;1018.531;3.1376745;;CHE;1976
6316.4;68.3429662;49.8047832;2956.917;;;61.6567;1033.552;3.1083024;;CHE;1977
6332.6;69.2160256;50.3202914;2984.116;;;65.4195;1051.657;3.1498647;;CHE;1978
6350.8;70.1064796;52.15550070000001;3016.172;;;68.7534;1072.928;3.1354559;;CHE;1979
6385.23;74.68776020000001;54.25320129999999;3081.256;;;75.5735;1100.57;3.0747352;;CHE;1980
6429.17;79.9034808;57.7698034;3153.139;;;76.5998;1128.567;3.103259;;CHE;1981
6467.24;83.8026322;61.0411908;3175.481;;;73.4366;1152.499;3.211113;;CHE;1982
6481.98;85.3423389;62.8396179;3191.023;;;76.0187;1177.05;3.2586903;;CHE;1983
6505.15;86.7565723;64.6748272;3227.936;;;79.2704;1202.918;3.2330413;;CHE;1984
6533.32;89.909786;66.87674399999999;3287.191;;;82.0903;1228.9;3.1858373;;CHE;1985
6572.94;90.5003357;67.37852609999999;3357.131;;;87.7343;1258.399;3.2027834;;CHE;1986
6619.01;91.1941176;68.34899820000001;3438.728;;;91.3224;1288.252;3.2275915;;CHE;1987
6671.54;94.4135733;69.6288053;3525.182;;;98.9003;1321.964;3.2069439;;CHE;1988
6723.04;98.9326118;71.8257954;3614.55;;;103.5408;1355.404;3.1515766;4.0606029;CHE;1989
6796.28;100.85392;75.7072283;3729.174;;;108.3293;1389.1660000000004;3.1155931;3.449187;CHE;1990
6880.09;102.858054;80.1433584;4033.22;84.83434190000001;63.9446324;106.3042;1417.8970000000004;3.2094236;2.7883442000000005;CHE;1991
6943.1;102.4592614;83.3787532;3973.391;85.2306825;64.58856010000001;97.7983;1435.506;3.2507036;3.885795;CHE;1992
6988.86;101.596573;86.1241066;3940.003;85.2982417;64.57416070000001;94.4135;1448.8570000000002;3.2850746;2.2746972000000003;CHE;1993
7036.85;101.0775126;86.8580058;3914.205;86.38671579999998;63.4039744;98.1626;1465.561;3.2812831;4.3388493;CHE;1994
7095.47;97.4214762;88.42127579999998;3915.58;86.3595845;64.06015119999999;102.815;1485.545;3.3101072;1.7018624;CHE;1995
7130.57;95.3310298;89.1389542;3904.66;86.59951099999998;64.1124094;101.7278;1503.75;3.3326787;1.0096972;CHE;1996
7150.4;93.4222335;89.6026681;3898.97;88.2975667;64.2571976;105.01700000000001;1523.235;3.2986687000000003;0.7874398;CHE;1997
7170.71;92.8235008;89.61875079999999;3950.72;89.6678748;63.62549960000001;112.3021;1547.201;3.2532974;1.3163715;CHE;1998
7209.83;93.2427931;90.3414784;3982.88;90.2384377;63.741769700000006;114.7659;1570.009;3.2462416000000003;1.1349418;CHE;1999
7249.21;94.6836526;91.749467;4021.79;92.690671;62.44231479999999;120.2748;1594.511;3.1720228;1.6655466;CHE;2000
7280.45;96.1768302;92.656885;4088.69;92.5403929;64.3583064;117.9489;1612.8010000000004;3.1668495;2.2688817;CHE;2001
7333.73;95.5634817;93.2523986;4117.91;91.9495594;65.87435550000001;118.2165;1628.4229999999998;3.1923328;1.5052362;CHE;2002
7387.99;95.0600729;93.8476276;4103.22;91.9587598;64.9093784;116.9648;1640.106;3.213965;-0.6606635000000001;CHE;2003
7438.4;95.5044113;94.6011139;4114.56;94.011848;63.0616524;122.8735;1656.275;3.1579751;-0.092788;CHE;2004
7482.37;95.8615187;95.7097928;4144.66;96.1170006;62.6730818;126.8166;1674.146;3.0956139;-0.2960318;CHE;2005
7525.14;96.8520758;96.723862;4234.93;98.1374581;61.4376245;132.7109;1695.333;3.0145492000000003;0.2917796;CHE;2006
7588.66;98.7700918;97.4322063;4344.27;99.9992895;60.9996049;139.3094;1719.98;2.9375882;1.2104511;CHE;2007
7680.11;100.8485447;99.7959584;4448.26;100.1674244;61.11577140000001;140.3141;1741.6570000000004;2.911867;0.7028353;CHE;2008
7774.54;100.3411572;99.3164708;4469.11;97.4863705;62.95608670000001;130.3936;1749.735;2.9918556;0.9789278;CHE;2009
7855.67;100.0;100.0;4479.68;100.0;63.0372233;136.1377;1762.4779999999996;2.9257892999999995;-0.2161293;CHE;2010
7912.4;100.1836816;100.2313366;4593.85;99.72827990000002;64.0148187;142.1831;1779.2679999999998;2.9044955000000003;0.2328264;CHE;2011
7996.86;99.5492532;99.5371886;4674.18;99.233261;64.94832199999999;146.8676;1798.636;2.9068659;1.2647159;CHE;2012
8089.35;99.8908163;99.3208858;4733.21;99.9306236;65.3290004;147.6792;1815.295;2.880442;;CHE;2013
8188.65;99.8789641;99.3077465;4821.97;100.7995821;65.0109495;152.1393;1833.82;2.8402742;;CHE;2014
8282.4;97.9537373;98.1717646;4894.86;100.7622615;65.3699799;155.5982;1854.399;2.8343542;;CHE;2015
52368.179;5.7936654;6.2656877;23698.452;50.2534909;64.6862686;86.6574;1549.295;3.0;;GBR;1960
52802.139;6.0397710999999985;6.490455;24024.912;50.7980243;65.5384684;93.6713;1578.99;2.9770791;2.0375622;GBR;1961
53287.095;6.1489609000000005;6.748183;24231.204;50.7242409;65.91281500000001;94.5386;1607.351;2.9976187000000003;0.2827077;GBR;1962
53620.06400000001;6.4674953;6.8871734;24274.264;52.7266527;65.0945351;96.7568;1637.5020000000004;2.9123226000000004;1.7862051;GBR;1963
53986.03;6.5695712;7.1218686;24566.677000000003;54.71567170000001;64.4163589;112.4261;1679.13;2.8281297000000003;1.1540911;GBR;1964
54344.997;6.796797;7.4661677;24816.029;54.9647459;64.2035074;117.6945;1722.759;2.8410894;1.3044505;GBR;1965
54637.97;7.275161099999999;7.7568562;24973.251;55.060051;64.25571260000001;117.44200000000001;1765.388;2.86646;2.6560576;GBR;1966
54953.941;7.2560932;7.945088900000001;24609.738;56.4396632;63.5496045;127.6921;1813.903;2.8656895;3.1435428;GBR;1967
55208.918;7.489573599999999;8.32354;24475.548;58.9432841;61.9533254;141.6982;1872.136;2.8042228;2.5517969;GBR;1968
55455.895;8.0533987;8.7750603;24511.599;59.3069257;61.13254839999999;140.4452;1928.092;2.8331001;2.8926611;GBR;1969
55626.879;9.3876266;9.3334046;24415.464;60.2426786;61.08084640000001;145.6207;1991.391;2.8489437;1.412544;GBR;1970
55922.852;9.8404335;10.2193692;24199.158;61.8537052;60.16436850000001;156.2017;2056.257;2.8421352000000004;-2.4211412;GBR;1971
56091.837;10.4882941;10.9385453;24167.113;63.7610441;60.4888693;163.6893;2120.389;2.8093657000000003;-0.1112085;GBR;1972
56200.309;12.4246939;11.9424531;24620.753;66.34190629999999;60.16188680000001;166.81400000000002;2186.028;2.7189522;2.1976374;GBR;1973
56235.76;15.201968099999998;13.8593294;24771.967;63.8321691;63.5035438;154.376;2238.492;2.8551391;-4.2222164000000015;GBR;1974
56231.586;18.0841283;17.2149551;24753.941000000006;62.5209564;67.0445897;145.1626;2273.013;2.9425322;-10.3505985;GBR;1975
56217.753;20.5898522;20.065449800000003;24543.645;64.3338208;64.09271770000001;146.164;2301.203;2.8947809;-4.314015900000001;GBR;1976
56199.275;23.1261227;23.2439619;24572.686;65.5779958;60.7943913;148.4458;2325.974;2.8557537;-6.1649764000000005;GBR;1977
56202.28599999999;25.8447113;25.1644123;24847.073;67.5307668;59.7860214;159.3919;2356.127;2.7760621;-0.4378673;GBR;1978
56252.739;29.5439903;28.542276300000005;25228.611;68.97399870000001;58.9538042;173.0868;2394.732;2.719589;0.1213495;GBR;1979
56320.011;35.7273928;33.6706254;24994.515;67.6198454;59.9536953;161.9087;2422.471;2.8081349;-0.1660221;GBR;1980
56339.626;39.837962;37.6679895;24197.524;68.1952956;58.9140495;151.1593;2437.774;2.8483111;1.5807765;GBR;1981
56319.436;41.5556585;40.9076574;23761.9;70.0742765;57.02807660000001;158.9348;2456.7960000000007;2.8143927000000004;2.7771889;GBR;1982
56338.645;42.676346;42.7927645;23637.75;72.95807090000002;55.8434215;170.4271;2481.2;2.7272104;4.0572655;GBR;1983
56427.878;45.4983975;44.9161409;24110.94;73.3176332;56.0184132;181.4006;2516.8520000000008;2.7050174;4.4529489999999985;GBR;1984
56556.087;49.4490467;47.647898100000006;24371.18;75.3806019;55.32561479999999;185.0294;2557.28;2.639017;7.7329921000000015;GBR;1985
56687.22900000001;53.7585264;49.2810819;24401.322;77.1985499;55.53100260000001;182.6663;2597.511;2.5986665;6.4330838;GBR;1986
56807.895;56.64489820000001;51.3257157;25044.27;79.41283270000002;54.2663553;205.3113;2654.621;2.5199097000000004;4.954111900000001;GBR;1987
56934.185;59.3492953;53.45847970000001;26110.997000000007;80.9451104;54.2544669;237.0846;2733.928;2.4544908;5.1388795;GBR;1988
57082.585;66.5703802;56.5378213;26736.465;80.73428990000002;55.1830165;248.5857;2829.228;2.4762233;7.997414999999998;GBR;1989
57253.477;71.87445679999998;61.0967265;26821.177000000003;80.19347900000002;55.99661800000001;242.2228;2913.688;2.5315691000000005;6.829299099999999;GBR;1990
57430.806;73.8657505;65.65563159999999;26015.377;80.0891418;56.5298048;222.9717;2971.144;2.6102847;3.9274527;GBR;1991
57586.32700000001;71.873378;68.6702423;25515.457;80.8160533;56.41654129999999;219.3635;3016.9770000000008;2.6399624;5.5185949;GBR;1992
57724.553;72.11060400000002;70.427224;25298.923;82.7513864;55.3797161;221.0325;3060.445;2.6129411;2.6010491;GBR;1993
57871.699;73.1725314;71.99001290000002;25500.391;85.0243488;53.1151959;224.5585;3105.076;2.552863;3.8669212;GBR;1994
58025.0;76.2409495;73.93194009999998;25814.34;86.0299495;53.0700851;223.4984;3150.938;2.5266114;3.7238737;GBR;1995
58164.0;80.07593790000001;76.0403181;26056.25;87.02398079999998;51.8937151;233.9305;3209.7490000000007;2.5112016;2.5796215;GBR;1996
58314.0;78.2360953;77.71407430000002;26522.79;88.8380824;53.2953299;230.2626;3262.847;2.4579925;5.048922900000001;GBR;1997
58475.0;78.203126;79.128907;26793.53;90.7832691;53.4210667;247.9269;3328.03;2.4189293;5.9324094;GBR;1998
58684.0;79.8906864;80.5159978;27167.08;92.3993616;55.0564368;253.4959;3392.5490000000004;2.3840917;5.1146201;GBR;1999
58886.0;82.02699090000002;81.4684668;27483.29;94.1373656;55.7617529;264.5487;3461.914;2.3519921000000004;5.5301391;GBR;2000
59113.0;83.73097220000002;82.7168485;27711.39;95.6957803;56.819488;270.7099;3529.859000000001;2.328885;4.721150700000001;GBR;2001
59366.0;84.53481479999998;83.9744775;27943.9;96.6625221;56.1924503;280.1994;3599.002;2.3205616;3.4712407;GBR;2002
59637.0;85.040089;85.1303865;28223.07;98.5078412;56.4367303;286.9793;3665.672;2.2883467;2.3606324;GBR;2003
59950.0;87.2240806;86.3140374;28533.45;99.4508571;57.259887;290.9017;3732.913;2.2762848;2.9643397;GBR;2004
60413.0;88.4836464;88.1172554;28853.15;101.1377889;57.04406650000001;305.1007;3805.32;2.2489261000000003;2.4422067000000003;GBR;2005
60827.0;92.0581534;90.2811171;29140.45;102.485772;57.73345989999999;315.7404;3883.831;2.2330622000000004;2.163302;GBR;2006
61319.0;94.913072;92.4357315;29378.75;103.544811;58.4885578;327.5215;3968.825;2.2277818;3.6759113;GBR;2007
61824.0;99.3332172;95.6907712;29627.56;102.0755931;57.80447170000001;310.2742;4031.959;2.2696;1.7361871;GBR;2008
62261.0;100.7020872;97.5679674;29154.26;98.4733352;58.9681239;271.7554;4051.071;2.3815208;0.5165484;GBR;2009
62760.0;100.0;100.0;29226.87;100.0;58.8490466;281.4171;4075.275;2.3499357999999995;-0.9200453000000002;GBR;2010
63285.0;102.132823;103.8561124;29374.49;101.0528318;58.0870308;278.408;4093.615;2.3247065;-2.6895383;GBR;2011
63705.0;103.9233103;106.5285741;29694.32;101.7092023;57.6468377;283.8928;4112.062;2.3011482999999995;-1.1273901000000002;GBR;2012
64106.0;105.7905165;108.9698539;30041.77;102.9258656;57.84156;293.7268;4136.585;2.2663817;-1.2884573;GBR;2013
64597.0;108.1733469;110.5511374;30752.52;103.747313;57.2935453;313.0915;4177.648;2.2307129;-0.9616371;GBR;2014
65110.0;111.1499154;110.95801740000002;31285.04;104.6032958;57.0118083;324.623;4228.437;2.2058771;0.5753853;GBR;2015
180760.0;22.7962716;13.5703205;69024.41;54.58554820000001;63.1682328;560.521;10241.36;3.0;;USA;1960
183742.0;23.2618021;13.7078575;68950.09;55.4975012;62.680742;569.119;10485.13;2.9947045;1.3170505;USA;1961
186590.0;23.2412166;13.8453946;70023.78;57.7570333;62.132046;615.746;10759.11;2.8955092;1.5782614;USA;1962
189300.0;22.9225715;14.028777300000002;70089.6;59.5819899;61.787750300000006;664.523;11058.87;2.8520028;1.9694093;USA;1963
191927.0;22.6726484;14.21216;71845.01;61.3466274;61.4784999;726.693;11395.97;2.7787966;2.089394;USA;1964
194347.0;22.6325896;14.4413884;73950.91;63.3732235;60.80185529999999;797.13;11776.3;2.6963167;2.4797696;USA;1965
196599.0;23.4662903;14.8539995;76927.13;65.08349079999999;60.9895976;841.442;12182.41;2.6167045;2.2885141;USA;1966
198752.0;24.5437892;15.3124562;78702.14;65.15536829999999;61.6542424;832.018;12561.95;2.6262202;1.7366201;USA;1967
200745.0;25.1954224;15.9542957;80558.45;66.5718865;61.880808;881.125;12960.6;2.5826314;1.3765277;USA;1968
202736.0;26.2967623;16.825363600000006;82619.2;66.7965025;62.91097480000001;912.706;13364.16;2.582329;2.1532996;USA;1969
205089.0;27.6463054;17.7881228;82853.0;66.1172726;63.5136689;883.275;13717.01;2.6455835;1.5321399;USA;1970
207692.0;29.6813788;18.5674993;83172.0;67.4468842;62.448952;892.4169999999998;14071.66;2.6274869;0.0720547;USA;1971
209924.0;31.0996684;19.1634931;85563.0;69.0017777;62.45317120000001;964.086;14480.81;2.5687714;0.7283555;USA;1972
211939.0;32.8759278;20.3554808;88356.0;70.63615109999998;62.1627358;1032.314;14930.45;2.5070073;1.7191348000000002;USA;1973
213898.0;36.3832258;22.601919;89996.0;68.7852686;62.6922705;992.021;15312.88;2.5851771;-2.2839149;USA;1974
215981.0;40.5539689;24.6649744;88954.0;68.6124489;61.4042547;919.603;15602.05;2.6394565;-2.3614088;USA;1975
218086.0;42.6964839;26.0861904;91747.0;70.3701685;60.9407998;993.466;15942.25;2.5590978;-0.4662883;USA;1976
220289.0;45.72126970000001;27.7824805;94954.0;71.3806613;60.9872428;1096.08;16358.87;2.5099102;-1.1020065;USA;1977
222629.0;49.3358693;29.8913817;98962.0;72.6015417;61.0044564;1212.847;16860.79;2.4512429;0.383476;USA;1978
225106.0;53.6663681;33.2839618;101714.0;72.76333829999999;61.300982;1281.966;17395.91;2.4514131;1.1298998;USA;1979
227726.0;58.7380389;37.77683820000001;102222.0;71.6347205;62.0313054;1226.938;17841.02;2.5206102;0.7108739000000001;USA;1980
230008.0;64.1884377;41.6737207;103399.0;72.24876280000002;61.0692706;1250.346;18277.73;2.5184103;4.5979742;USA;1981
232218.0;67.91217850000001;44.2410787;102620.0;70.7480297;62.0101136;1188.259;18618.36;2.6124234;4.7811152;USA;1982
234333.0;68.5053253;45.6622947;103963.0;72.80365090000002;60.7706257;1274.518;19012.53;2.5508302000000005;4.2388865;USA;1983
236394.0;69.3207352;47.6336588;108178.0;75.3812714;60.1170339;1465.813;19552.99;2.446305;5.5546796999999986;USA;1984
238506.0;70.23670390000001;49.3299489;110371.0;76.6666515;60.1032806;1568.489;20144.55;2.4194222;4.7253599;USA;1985
240683.0;71.60627;50.2662548;112860.0;77.3663272;60.5749241;1617.831;20736.47;2.4071678;4.5539388;USA;1986
242843.0;72.89488940000003;52.1082935;115743.0;77.986896;61.2121316;1646.436;21308.81;2.3908921000000003;3.9841729;USA;1987
245061.0;74.89405140000002;54.2331348;118241.0;79.38038509999998;61.4931902;1684.501;21870.46;2.3555208;3.9200157;USA;1988
247387.0;76.8112896;56.8509699;120606.0;80.500138;60.7459024;1733.866;22434.41;2.3306723;4.7066550000000005;USA;1989
250181.0;78.5567321;59.9197605;121998.0;80.7147862;61.1335915;1732.0479999999998;22954.04;2.3405042000000003;3.7270586;USA;1990
253530.0;79.95276679999998;62.4573408;120863.0;80.5115691;61.3420051;1660.9129999999998;23364.84;2.3849638;2.5518501;USA;1991
256922.0;80.151699;64.34906099999999;121472.0;82.47365759999998;61.3771507;1729.011;23809.67;2.3476831;1.1326416;USA;1992
260282.0;81.28623879999998;66.2484245;123059.0;83.4000469;60.9043825;1817.104;24303.41;2.3321683;0.7894401;USA;1993
263455.0;82.6696812;67.9758135;125708.0;84.8824523;60.07958829999999;1928.034;24862.66;2.2934428;2.6090249;USA;1994
266588.0;84.2790583;69.8828204;127444.0;85.6277457;59.95064470000001;2027.439;25462.5;2.2873722;3.8545958;USA;1995
269714.0;84.53893640000003;71.9312285;129154.0;87.2119491;59.62156020000001;2182.624;26154.83;2.2641367000000003;3.3010877;USA;1996
272958.0;84.83179859999998;73.6127576;131934.0;88.8922403;59.72056360000001;2339.361;26928.18;2.2318456;3.9304422;USA;1997
276154.0;84.5653715;74.75543309999998;133785.0;90.9072234;60.6975255;2556.775;27824.76;2.2072298;4.7282129999999984;USA;1998
279328.0;84.9445013;76.39110229999999;135779.0;93.0606424;60.697925100000006;2769.612;28829.02;2.1831266;3.8603112;USA;1999
282398.0;86.31566600000002;78.9707208;139175.0;94.0961619;61.63717850000001;2946.8;29899.05;2.1744072999999995;3.9478049;USA;2000
285225.0;87.12811529999998;81.20256850000001;139222.0;93.8199269;61.6238425;2934.331;30865.47;2.2225009;1.8139729;USA;2001
287955.0;87.4827242;82.49046690000002;138807.0;94.59298;60.5175832;2884.574;31718.43;2.2448188;0.4644724;USA;2002
290626.0;88.3177906;84.3630788;140084.0;95.6683958;59.9314914;3006.713;32638.58;2.2456975;-0.7076559;USA;2003
293262.0;90.9302131;86.6216781;141569.0;97.4506153;59.4779;3186.994;33677.88;2.2323929;-0.8530379000000001;USA;2004
295993.0;94.83666;89.5605324;143980.0;98.5250445;58.5411012;3380.233;34830.25;2.230424;0.6969144;USA;2005
298818.0;98.3115194;92.4497051;146678.0;98.9193475;58.4468126;3470.545;35984.73;2.2403836;2.4133369;USA;2006
301696.0;100.3888901;95.0869924;148295.0;98.9775126;58.71605400000001;3450.197;37029.37;2.2629754;2.6932562;USA;2007
304543.0;101.7465913;98.7374774;147643.0;98.24477840000002;58.8526189;3304.491;37848.72;2.3162058;-0.0863643;USA;2008
307240.0;101.0251121;98.38642;142183.0;97.5658246;57.74844640000001;2889.65;38222.01;2.3999375;0.7823701;USA;2009
309780.0;100.0;100.0;141386.0;100.0;56.8040275;2954.433;38613.49;2.3639007000000003;-1.3485403;USA;2010
312033.0;101.3994512;103.1568416;142183.0;100.7171816;56.7482775;3089.993;39087.53;2.356379;-2.1411397;USA;2011
314255.0;102.9431344;105.2915045;144750.0;101.243084;56.675353;3302.527;39707.63;2.341104;-1.4473088;USA;2012
316421.0;104.1058202;106.8338489;146187.0;101.8267353;56.3118328;3420.508;40367.35;2.3369461;-1.0616528;USA;2013
318717.0;106.206713;108.5669321;148507.0;102.6537855;56.3830716;3595.991;41122.12;2.3219977000000003;-1.2167313999999998;USA;2014
321026.0;107.1961307;108.695722;151006.0;103.788262;56.8544652;3712.2;41917.82;2.3000426;0.1064266;USA;2015
