year;ISO;RF;PD;XK;EmpPop;ProfitY;ProfitK;PopGrowth;TFPgrowth;PriceInvt
1960;BEL;;21.047600498426657;7.884420028091846;38.545411481895044;44.4254665;14.808488833333334;;;
1961;BEL;2.1234246;24.04315516669227;8.616145151568109;38.67832222046553;45.56943670000001;15.507885161142433;0.3327583613199403;3.397035607672194;0.08939255327591322
1962;BEL;2.3087661;26.68164139998489;8.843728173601555;39.02086181582109;44.6203708;15.48323901255232;0.39884807710146575;3.092572251687775;2.5694788127632373
1963;BEL;-0.093245;29.360147726349254;8.612293478041599;38.7795930362108;44.25204;15.589101363731608;0.7504084884917273;3.169057839369871;2.0984252325290997
1964;BEL;0.6447514;29.213028987707446;9.518189418833;38.65115508844903;44.9297664;16.315324239795626;0.9509707990617455;5.002998061915709;1.3952359544647575
1965;BEL;0.2334367;26.6037315823968;9.545255930087391;38.25759084718429;44.6649216;16.181270544072763;0.9122730766839782;2.1209549321236754;0.41868143832406446
1966;BEL;1.413524;24.200473902415915;9.797104404567701;38.05886286319611;43.8473496;15.736588117264157;0.6777499673223941;1.3859003610921405;-1.0173854104150726
1967;BEL;2.7598711;23.182812577726438;9.69183403432202;37.71039968621201;43.9040642;15.733438514235777;0.5581977048863429;2.4759692343736983;1.1860907966026124
1968;BEL;1.6139723;24.681457341336156;9.252102807645358;37.474419769042896;44.327259;15.998331061198858;0.3941659062199232;2.9278029176528664;-1.0852357441901828
1969;BEL;4.363217099999999;24.409958202103944;9.41695280414731;37.9029739897193;44.7706245;16.647725324767414;0.28357097321107805;4.283039574991165;0.525707994221758
1970;BEL;5.3508867;18.939860409652322;9.828699119127734;38.427064064404824;44.9045426;17.068183612423116;0.09866233079054432;3.6711273954644907;5.264186401845206
1971;BEL;-0.08407200000000001;20.726962888734615;9.311536150610857;38.602537619032944;42.78725179999999;16.29563071569111;0.18241324237491252;1.9321885960091878;2.8615829871112775
1972;BEL;-0.8232071;23.303412370428784;9.322655560619431;38.37087708260071;41.0378625;15.92964942814665;0.39235360681439957;4.048593161766445;-2.2368644792507775
1973;BEL;1.5152076;27.51034688998893;9.622490203963304;38.57667845103329;40.384837899999994;16.044069861925095;0.3151543360365938;4.070689600228072;-0.7308056344415226
1974;BEL;-0.7379614000000001;19.09991758378395;9.895610374660503;39.071748765581994;38.5154049;15.332739603136421;0.31512915583695733;1.614683044461107;2.0675608934944245
1975;BEL;-4.7762788;17.965551923358532;9.354234391886184;38.414194904445594;36.4077071;13.776177132307952;0.289396105508799;-1.9559472749112183;0.20325432455681192
1976;BEL;3.3464195;19.309472260686604;9.36271066317863;38.16710491619312;35.6244069;13.7072838429238;0.17883416490658277;4.35074651600349;-2.783048061435378
1977;BEL;0.0657413;16.265202668619363;9.053798928494434;37.975921121082266;35.428646799999996;13.259188373444502;0.12355591289547885;-0.49719858882287804;0.4805284081178973
1978;BEL;2.7212605;16.16904174820393;9.000473635277446;38.0088528582756;35.178613999999996;13.097946490211486;0.09334349776477513;1.3841181107964173;-1.0634066796135988
1979;BEL;6.1056474000000005;17.252572906433542;8.502742728645897;38.338916991643906;35.4960868;13.135048027214674;0.08992295773355696;0.5758265778590843;2.097760744506183
1980;BEL;7.788682700000002;13.776048688923304;8.685852144180291;38.243493254894005;34.1936025;12.779723686559223;0.1078146643783695;3.1489136962385977;-2.503059701857213
1981;BEL;7.5923406;11.468611983082358;7.2050340378182005;37.534195577196186;34.067426999999995;12.469289082644137;-0.010143016533115112;0.13454971531616788;0.17159401034239075
1982;BEL;6.6354703;13.598826805238849;6.819995356182569;37.05543831168831;35.45279240000001;12.870814501190486;-0.0202880908906522;0.8214093681943258;-2.3970235706195275
1983;BEL;3.1299346000000003;15.680036785974973;6.399821533337784;36.57649685406941;36.1037852;13.030182208895376;-0.020292207792205197;0.7520124725756583;-4.143115732584912
1984;BEL;5.6254537;18.457973705949957;6.485632783691645;36.56264840182648;36.4969097;13.364843968713364;0.01014816318245515;2.083464955929526;-2.6122330488468126
1985;BEL;4.3805977999999985;19.248685916491098;6.694692843528342;36.727472861925534;37.1131058;13.650749334365567;0.020294266869602673;0.8834906189256309;-0.5108938398657781
1986;BEL;7.644806;28.32211581730006;6.811590268599284;36.95299726138553;37.3854109;13.822111326945075;0.02029014913260685;0.9166354108685715;-0.575741263648244
1987;BEL;5.3008846;32.5332242571991;7.039881836546124;37.18501519756839;38.1955795;14.227660760349373;0.11157318186427734;1.2344265439790725;-0.07709477657285024
1988;BEL;5.4991118;31.366665868192104;7.964354203020394;37.7732936187399;39.89400620000001;15.175061581397587;0.34447821681864443;2.491218162284836;0.5464774114499971
1989;BEL;4.728681099999998;35.529038240554875;8.617052321738704;38.21922535211267;40.5472323;15.450572417050958;0.3634894991922488;1.2055887793655407;1.971656554944401
1990;BEL;6.8906243;32.075527651301904;9.019489771557433;38.522642455858744;39.5531719;14.98481177176056;0.28169014084507005;0.9897675125335237;-0.8696793612500642
1991;BEL;6.3965234;31.49640567174872;8.396346505995629;38.50609634219468;37.80042710000001;14.162626061402834;0.3812199036918207;0.450261818101394;-1.123867097872333
1992;BEL;7.4096762;27.14938889578884;8.257888482908344;38.29925350851;37.71991759999999;13.960713681236898;0.4097541475114985;0.5081993008696495;0.0855060126872198
1993;BEL;5.3951501;30.452312067744042;7.8681079168112;37.90361887765219;37.1451771;13.30820047439236;0.3881755747984439;-1.4719959032883922;-0.8059927656806853
1994;BEL;3.246859;35.38148080804899;7.732875017186856;37.63325425069197;37.970099;13.74863355884606;0.2974419988102328;2.620373291125211;0.04689405430591265
1995;BEL;3.1068911;32.79155291715876;7.828545964662865;38.157012074816514;38.58282579999999;14.005397672617129;0.20561486753656322;0.5641468590879439;0.844421129603079
1996;BEL;2.5419131;45.349974553138324;7.74362340411763;38.183053384006456;38.5246561;13.937009832978323;0.19532791413465755;0.661108529531873;-1.0028845221227045
1997;BEL;1.8942267;43.161360441969265;8.08023281809923;38.3500962558441;39.0348506;14.330623714745373;0.2422070377882335;2.3984893522672746;-0.4885708599081773
1998;BEL;2.3101885;62.48998691817815;8.106004912040065;38.93952758992453;39.4066475;14.445241955293358;0.2141201430086781;0.07046317376024902;0.26624121366780606
1999;BEL;2.323443;52.93451067483375;8.235711684122112;39.38629429711335;38.9691983;14.484275336090793;0.22934431049690396;1.8520132426377067;0.724859755851659
2000;BEL;1.1427386;56.29241683600394;8.409831972091512;40.082721215845794;39.9748204;15.066008786980529;0.24348744426190283;1.5116593342070939;-0.19026548417926392
2001;BEL;2.1731521000000003;46.19043846556497;8.374950559376853;40.49151323080512;38.7211338;14.415969940008683;0.3443465706788551;-0.8147992042717989;-1.4912997413487616
2002;BEL;1.9094267;43.813499924511675;7.903217682317567;40.23401207804274;38.5942927;14.422954357267628;0.4491279917562485;1.3359832661645532;-1.9173441422071447
2003;BEL;0.7411579;31.78531688640713;7.78476100002317;40.03334586212546;39.1069323;14.56577432288698;0.4190538866522209;0.3817930594070873;0.4623232671120858
2004;BEL;-0.2964994;40.81876368935853;8.343357006992624;40.25294834518429;40.7772928;15.493272080565804;0.43368895827913256;2.3798449436354785;-0.6832030354941954
2005;BEL;-0.4979282;36.35538983804689;8.690723508337319;40.60943255778444;41.3538545;15.754160815598599;0.5517651687441782;0.49283437763567584;-0.738860083345505
2006;BEL;-0.0252152;37.09257956906851;8.709662859998723;40.79351535836177;41.4319576;15.903539819442127;0.6623022159448766;1.1274649723834518;1.9065904234532471
2007;BEL;1.348067;43.591758640733865;9.106821512017191;41.164346819503656;41.5782976;16.17091749484108;0.7366325369738469;1.5905967854715097;0.9468027767650655
2008;BEL;1.4022813;30.659672220123817;9.09365542950853;41.57796451914099;39.9778896;15.356949455606202;0.7933594963155377;-1.0951410659553962;-0.4551208361139536
2009;BEL;1.6329737;46.27776230025956;8.387259795097544;41.176307136572035;38.5188331;14.291822666649203;0.8076563958916871;-2.617567678156474;-0.5146728552652968
2010;BEL;-0.9088568;49.56697517602353;8.23710730453377;41.06336502808473;40.0787869;15.130612091423828;0.9178900569629;1.9538607110066053;-0.2214268809471842
2011;BEL;-1.5697816;41.670663613912375;8.483041478232971;41.25491194877019;39.677414799999994;15.067967988963208;0.8994456477844359;0.490361699999986;-0.4013667952689537
2012;BEL;-1.413189;36.63165094265597;8.407688311478292;41.156327364065135;38.8547964;14.630019496377528;0.6749381458302839;-0.4585554198477837;-0.6144844179251763
2013;BEL;-0.6141746;36.03991820126562;8.207891120486224;40.81078651685393;38.26434820000001;14.306624698855659;0.5168145430889615;0.03816951796840051;-0.43931848416565167
2014;BEL;-0.2948417;51.63155633193551;8.569790567014998;40.78784951430258;38.63369889999999;14.433725858467607;0.49258426966292124;0.4597125975820848;-0.14895499548593927
2015;BEL;-0.6818534;61.60474918141797;8.673809500618503;40.936957779063036;39.7184167;14.873401115856616;0.5250541154582455;0.5838578173865239;-0.22386433278658302
1960;DNK;;23.04147423983264;4.524565267393243;46.750281013648234;42.69537389999999;14.231791299999998;;;
1961;DNK;2.6099704;22.32142936732927;5.03505350368819;47.10310233873703;40.8666144;14.156791679841971;0.7006051657410639;4.455958594654774;0.17592749648867034
1962;DNK;0.3285487;20.080320847726444;5.240458925517415;47.45551704036291;40.78915989999999;14.569244017468018;0.7814727761188633;3.6616442815823103;-1.1699883134400735
1963;DNK;0.5074383;20.40816224748425;5.0103201634276;47.661680454555686;41.0981847;14.473784845679395;0.7908561683260595;-0.9312714337329053;-1.2998535641701392
1964;DNK;2.0988175;22.27171672259719;6.006414989108348;48.25352148606074;41.79620229999999;15.61662145841784;0.8024154967229302;6.656323434437206;-0.5660610106377861
1965;DNK;0.4186451;22.88329602786006;6.107471282231172;48.755077753060775;39.9480225;15.158097870001587;0.7822737341570463;2.2003011495849156;-0.7838226392459902
1966;DNK;-0.0271131;20.28397562980075;6.186288555786758;48.60849550115087;39.4106691;14.926009795022894;0.8062389759655453;1.1978890896362948;-1.5580593110768204
1967;DNK;2.7193402;20.366600152653454;6.510261414529352;48.17427385892116;39.10610339999999;15.158455522361603;0.8579200669596165;4.198173213638223;-4.785192762013024
1968;DNK;1.4972507;19.34235987270027;6.623424841799438;48.19773429454171;39.5613748;15.699330178576057;0.7261410788381717;3.7340541272534056;-4.204678716797239
1969;DNK;3.0627558;20.161289743532546;7.185074546596819;48.82147981143677;40.0533789;16.31823840959935;0.49433573635426775;3.795146512390124;3.0248464538130904
1970;DNK;1.1077053999999995;19.011405478272707;7.1378097206747135;48.825435398946944;39.1307002;15.62746117126624;1.2092641934822623;-0.6261251200753493;0.7630317675230147
1971;DNK;0.5719616;16.339869188745;6.957612322168067;48.559339109409635;38.0303089;15.130562565104055;0.5062778452814998;1.5842753556876366;1.4745279631382502
1972;DNK;-1.2451336000000002;15.576324236274859;7.35986845287034;49.21875;40.0451084;15.956987458029088;0.5843239975821035;1.18209235988469;1.7663961019902974
1973;DNK;-1.6570134;26.595745064510435;7.457796729814903;49.482277976901635;40.52078149999999;16.168599286432663;0.6009615384615419;1.7332238277259826;-0.4011741088757459
1974;DNK;-4.6811489;23.25581316370268;6.713094629302847;48.9197224975223;37.6730831;14.41165534747437;0.45798486658701343;-2.0183110024596163;1.0800855368682694
1975;DNK;-2.3260544;17.985611936902426;5.932424550368904;48.30039525691699;37.3916689;13.778814788861524;0.29732408325073845;-1.8479470561563516;1.3638049418329246
1976;DNK;-0.6004691;22.88329602786006;6.711742264494901;49.004533806426174;38.4918983;14.568095181702951;0.25691699604744045;3.5281252161363685;-1.2596239985409374
1977;DNK;4.8163303;20.576130364915922;6.486942029451057;48.732560424444884;38.7220411;14.51533830894801;0.31539522964714184;0.806079109032809;-2.733756316195257
1978;DNK;6.8496372;19.19385831898453;6.439708083722271;48.991185112634675;39.29069739999999;14.646006782520272;0.3144036156415897;0.5477598014128171;-2.633203322770472
1979;DNK;2.7376643;16.07717076773024;6.311555060315317;49.433372411098084;39.4174584;14.869920884430291;0.25465230166503705;2.051381420028342;-2.049996674303811
1980;DNK;6.0527018;14.556040620521653;5.6248847381320735;49.08274785323965;38.7114069;14.280131356202771;0.11723329425556983;-0.8798533094177552;-2.6769377426301477
1981;DNK;2.6840059;15.748030993475638;4.650966887713515;48.34049199531433;39.62852579999999;14.421703232666971;-0.03903200624512104;-0.057132752022936995;-0.4663534594451013
1982;DNK;5.6868303;17.211703951628934;4.987591849731589;48.593200468933176;40.2949789;15.055651538472056;-0.07809449433815452;2.9900895302057195;-0.5704569127325643
1983;DNK;4.8626599000000015;25.974026114768936;5.152243109550317;48.6703167774736;40.95806429999999;15.534359352427815;-0.07815552950370952;2.0874850180952143;0.05214765246663866
1984;DNK;4.2823758000000005;58.479529585175875;5.604624564691648;49.40324789669341;42.5593679;16.5752022956373;-0.058662495111461155;2.6829729258063706;-1.3080079415007329
1985;DNK;6.0571986;34.96503515449665;6.254743454776804;50.518286720125175;43.0613887;17.094094716650105;0.03913128546273459;1.7781926350992627;-1.0754519354107095
1986;DNK;8.177385899999999;49.50495242324611;7.191220483394472;51.69921875;43.01429720000001;17.41462824333267;0.1369059260708072;2.2064050364299037;-4.34595530464682
1987;DNK;5.1262258;34.48275739812118;7.220838613853014;52.01872440023405;41.3804835;16.35244759848658;0.13671875000000888;-1.3034216994255776;-2.9922290239050575
1988;DNK;4.2181907;34.12969222872672;6.679137067123962;51.734892787524366;40.7275228;15.781359581142745;0.05851375073142595;-0.5553883630650014;-1.8026911695233516
1989;DNK;4.398269;72.99270067435232;6.6965022341985465;51.539360872954006;41.75314179999999;15.994266017837374;0.03898635477583845;0.08184984436732101;-1.5879211404289717
1990;DNK;9.323069;91.74311833794637;6.578953231813668;51.245136186770424;42.07072410000001;16.105636186563377;0.1558846453624252;1.0639821870506383;-0.02893107600674405
1991;DNK;6.911357799999998;79.99999880790712;6.355244365690465;50.6208769887466;42.5074413;16.3180417309421;0.27237354085603016;1.4769328656816683;-0.21500525089217515
1992;DNK;10.3939798;67.11409470475606;6.2719190740427155;50.02900792883388;42.8304572;16.62935314681038;0.3298409002716385;2.107889742738589;-2.6188010129244543
1993;DNK;9.6629047;76.92308084675567;6.081469814566361;49.04605897089998;42.8712259;16.579701163202746;0.3480951460065773;0.7868460339644834;-1.3583881768211459
1994;DNK;3.5977552000000004;98.03922110019151;6.457977569575853;49.865539761813295;45.18595089999999;18.291427906856995;0.32761611100404764;3.857110370348682;-0.5354733629484465
1995;DNK;4.272517400000001;71.9424477476097;7.062661598607178;49.942638623326964;45.30730339999999;18.690391552149745;0.46100653092584487;2.1893457245553583;-1.6271686893119197
1996;DNK;2.264593;66.66666815678282;7.3447112399322485;50.13302926643861;45.2394122;18.962163579120503;0.6118546845124362;1.7675286173091331;-1.7376759069719472
1997;DNK;1.8302102;75.75757082302029;7.959861031844098;50.59602649006622;45.680708;19.44279382828551;0.43709616115545913;1.7324135555007114;-0.6951371776308224
1998;DNK;2.7243769;94.33962541326342;8.324340742576087;51.140863662078075;44.6269079;19.039248655694525;0.3405865657521323;0.5532363042489052;-1.2868452418268284
1999;DNK;1.5195104;91.74311833794637;8.161988777338879;51.40011276075926;44.52710329999999;19.225533765631585;0.339430511031491;1.710114007513508;-0.6614251368999291
2000;DNK;2.1484779;97.79733887202173;8.640522489709682;51.61109029599101;46.0763882;20.200339329171655;0.31948881789136685;2.3751326167706477;-1.2972551373498176
2001;DNK;2.2963102;54.03578955356813;8.442614011790894;51.9320515213739;45.2092866;19.617263620609933;0.3559385537654558;-0.5237039429485724;0.48897983538629397
2002;DNK;1.6585922999999998;69.95045704462004;8.13117530603516;51.78571428571429;44.6801676;19.199847054970224;0.3546761246966623;-0.1846916660453779;-0.4506972921302532
2003;DNK;1.207007;43.6911004487512;8.156962428547285;51.18738404452691;44.27709739999999;18.85255416483543;0.26041666666667407;0.3568330160026889;-1.5272907759601773
2004;DNK;1.0042318;50.50090810613121;8.328482430868485;50.78660003701647;45.4608423;19.60155608291072;0.24118738404452778;2.394034394798372;-0.0762912319592024
2005;DNK;0.5183197;39.87396144946769;8.66896433930138;51.35633880789814;45.71523029999999;19.818711101396282;0.2961317786414952;0.7512288443262349;0.04842391665529355
2006;DNK;0.9570427;16.948661242085645;9.583411272400864;52.34504322236527;45.82201379999999;20.07573054681704;0.3321646060158612;1.3788634409809264;0.6316804483422755
2007;DNK;2.6508771;65.28265119561944;9.402398750073077;53.333333333333336;44.36412079999999;19.11127011757896;0.42302740481883205;-1.5039932397864053;1.989351659457772
2008;DNK;2.3044466;51.68271160543344;8.995928570689397;53.65010012743492;43.53939529999999;18.310412953489177;0.6043956043956022;-1.9827247260487013;0.2557807113009014
2009;DNK;1.2080741000000002;40.68445679366831;7.769953334646089;51.674814412456996;41.2148759;16.357273577385197;0.5461496450027248;-3.4426485607391144;-4.688659343209944
2010;DNK;-1.1916655;88.68953281260995;7.311432358691146;50.26140255994231;43.616985;17.60564409284362;0.4345464421509959;3.1839583399968507;-2.0648410422103747
2011;DNK;-0.9455904;59.98752048949072;7.321843841724548;50.035906642728904;43.9700272;17.94127384434418;0.4146385433567712;1.2524777000000098;-0.8949412151035396
2012;DNK;-1.6972238000000002;51.896240175163406;7.55748095325328;49.490252191021284;44.7842706;18.224003982041257;0.3770197486534954;0.4321930780761596;-0.10634611292374974
2013;DNK;-0.5363726;48.74927251230171;7.708960638670151;49.27846071619455;44.93547879999999;18.325340970666264;0.39348953675550913;0.6509581609264403;-0.21626835426376
2014;DNK;-0.2915816;54.33604286069818;7.87384475048003;49.459507354244195;45.08759789999999;18.50894059426019;0.5344735435595993;0.688820148406255;-0.40983179646585377
2015;DNK;-0.7773542;28.437887314394196;8.018847333971413;49.82400563181979;44.5982549;18.382694406660896;0.6911217437533201;0.2710394471129973;0.45834862560596434
1960;FIN;;20.47222326662868;9.697360865941068;49.648345664675674;32.945596800000004;10.9818656;;;
1961;FIN;;17.858554844301487;9.947058512250386;50.23695333226481;34.954712;11.782327798621692;0.7082074952467821;3.7852936558837147;0.6601190538095159
1962;FIN;;18.959897132835597;9.444069213458643;49.691335279107406;33.911649;11.116984989489042;0.682312617896641;0.9038198928407182;0.52774934903832
1963;FIN;;19.04678980875902;8.721938576943145;49.53126129565767;32.2983809;10.409252678099799;0.7094824536346023;1.0346539080792194;-0.9555481919685471
1964;FIN;;18.26258385374936;8.79719082487821;49.23598611687303;30.989761099999996;9.995055038215817;0.5578659339877001;3.170358599987244;-5.071182445926947
1965;FIN;;18.453226870536433;9.19673045734674;49.64388794083439;30.823341499999998;9.908802447549636;0.3339311071699269;2.3019455822674617;-0.12586189757637367
1966;FIN;;18.10392112588818;9.06416712645757;49.553108809704;30.111186099999998;9.396069676835365;0.3755040830618839;0.10405720579702571;-0.2742821213280511
1967;FIN;;15.709421118749292;8.536954897229219;48.37943663390757;31.385266599999994;9.541663134999355;0.5430192393626632;1.3703301302898208;-0.3054236032746349
1968;FIN;;17.73469793190128;7.782918279927696;47.533810342185376;34.4756053;10.310134557229736;0.44998158820808154;1.5104623618403812;1.848909500775875
1969;FIN;;17.424450480170396;8.379600214911566;48.280250919971415;37.4046762;11.71363975515666;-0.05801400592979622;6.652981359101995;2.312211326221436
1970;FIN;8.7789683;16.30094517205367;8.952205722371453;49.49630916196266;37.3536879;11.942725561585192;-0.38464158692499417;3.9688554464392345;6.422899793415526
1971;FIN;1.2922904;16.146668415056524;8.826073891968681;49.100173460537725;34.9999945;10.896142992037129;0.13026487190621605;0.741900557244124;4.2643031417348265
1972;FIN;-0.6504800999999999;22.656920525986393;8.936913914536053;49.2521551724138;35.5527637;11.331223722289502;0.6071118820468291;4.983349938784043;3.7470954880627128
1973;FIN;-2.5655635;32.037664824784045;9.193925725718698;49.897128161165874;36.40027320000001;11.767436340667702;0.5603448275862011;3.566898304795041;4.364474912934058
1974;FIN;-7.729339200000001;24.480427865735475;9.00710717841684;49.79748454487316;37.2088305;11.790767630666947;0.535790827261029;0.9173058291200853;8.560621036546113
1975;FIN;-3.7310996;17.63024782792051;9.30408617775742;49.308061298127946;32.12841479999999;9.969635887395826;0.43487529311445616;1.4618880420354197;-4.784914501172799
1976;FIN;0.0811292;14.310190953976637;8.326618790594514;48.710243985018096;31.1183465;9.309730148279094;0.3035191238273116;-0.5975929692698334;-4.62566895346982
1977;FIN;0.5895178000000001;13.233403244851486;7.8280858580079995;47.692502479478364;32.9111561;9.53657774992019;0.2793236980764613;0.03650954204157397;-2.011384720149456
1978;FIN;0.6315847;18.337999842603686;7.1172596082867745;47.112046291425564;36.3509043;10.573057471529152;0.2869864314503534;2.6048112692498293;-1.6899191773982136
1979;FIN;1.0768494;19.81258295976835;7.241072824284078;48.01981237013873;37.4911457;11.362329805895877;0.25670699631772376;4.609938871245056;0.6153942737445073
1980;FIN;2.6722818;15.596266686498346;7.791577802868732;49.26456742337064;37.1727971;11.516119200616549;0.3106176674292138;2.4986952043767108;0.8770695222555247
1981;FIN;1.1180368;16.338002499919813;7.744726956496946;49.670833333333334;35.9020208;10.911505860486105;0.42891515848937356;-0.7399011449286008;-2.3544171073993647
1982;FIN;4.4328938;19.072758362306978;7.950170201886007;49.94924278522447;36.8106978;11.15311402159821;0.5604166666666632;1.036301623778968;-2.296274691324973
1983;FIN;5.9481634;27.63005159673193;8.001497951678333;49.837307961612915;37.4699185;11.320535138902693;0.5987279620460528;1.519216882327501;0.28875877525769145
1984;FIN;8.4319029;27.232722997817206;7.7181220883160915;49.87504608955714;37.9511249;11.487096256803786;0.5354421516536867;1.6201815035675748;-0.339747406643387
1985;FIN;7.1803933;25.754081012558157;7.857723048560391;49.74705234384562;37.04136829999999;11.257569759783456;0.4178786513171273;2.177216280465255;-0.7159667884831022
1986;FIN;7.6902102;40.848889723478585;7.778197002964679;49.42661949493717;37.426935;11.349487213162796;0.3263840724572642;1.7333780102682717;0.6078579286875163
1987;FIN;6.6703619000000005;43.078294408312566;7.974631255276083;49.56509397619674;37.2476532;11.348283991744877;0.2826237241267293;1.969222345665922;1.1142138572644456
1988;FIN;5.1827273;44.541574582266335;8.52909604915482;49.92014555746488;39.03247929999999;12.076315267904837;0.291964883112672;3.107449059623413;1.8421176290897678
1989;FIN;6.2950111;113.84050524258735;9.14501332034904;50.21150592216582;39.3509275;12.277542644891012;0.3618720307287937;2.7871880809619443;1.9486485031899647
1990;FIN;7.7707872999999985;15.490074101327943;8.525838683044364;49.74530723568106;37.6034708;11.421346080646941;0.4431552654902804;-0.37364827142720713;0.5585007257764785
1991;FIN;7.9050148;37.5588668318768;6.967994342263243;46.68807467538944;34.510661;9.700511781440833;0.54748917054388;-3.2225274447270524;-3.7282734973894005
1992;FIN;9.4601415;54.633485210914586;5.9778675477130765;43.15747719159064;36.283345;9.807320143559657;0.5644533976903343;0.7926529002084681;-5.299559889127714
1993;FIN;4.0447509;94.69564732717681;5.246099914013853;40.385678193589136;40.3658496;10.863738696156492;0.4839349464498044;3.128488494672066;-2.492788594972195
1994;FIN;4.6768163000000005;119.22504452305122;5.301675893011021;39.65371538627833;42.622591099999994;11.948673475108908;0.43225959261015134;4.905465896149641;1.1578330358543276
1995;FIN;5.4276927000000015;67.42305120467307;5.943744905967942;40.205176396883196;44.03922320000001;12.816302018399462;0.3832321207476008;2.9526375183479336;-1.2298022471847192
1996;FIN;2.651035;33.847737453419015;6.485463845398668;40.647074893650235;43.78074549999999;13.099612900762631;0.3289087278280256;2.4423277949067623;-0.43401101033813116
1997;FIN;1.2382666000000002;46.40774415975433;7.094219701596962;41.91797346200241;45.5455524;14.283939508210663;0.2966085157865894;3.5557390431030234;0.7544030535229229
1998;FIN;1.8387243;47.65309860003783;7.7037363744054375;42.58465120791695;46.5629601;15.106358451226921;0.2665473364722226;3.4800182919881406;0.7265235621288335
1999;FIN;1.5172808999999998;51.76587827658207;7.893652207437145;43.54467137740781;46.2752402;15.37105950278144;0.23285146017268943;2.0959856137914734;0.6676821650714482
2000;FIN;1.247113;68.61556313149565;8.20148345764955;44.40129824968124;46.88373860000001;16.091843393680374;0.20714354854320938;3.361832697154954;0.5962072198019364
2001;FIN;1.5888361;37.133120214978454;8.171462972473819;44.942174248265225;47.3204251;16.313165105846565;0.22796646188323333;0.8451393417466146;0.7489413376811527
2002;FIN;1.6497433999999995;41.29201651862445;7.8011224046796706;45.31977079567742;47.2396856;16.28991412427025;0.24286815728604694;0.3644419595865145;-1.6325252426463988
2003;FIN;1.3278886;25.71018658398607;7.887225569838628;45.27527335507385;47.1926939;16.324114661037296;0.23843402684304849;1.2325976211812195;-0.627010541082218
2004;FIN;1.77951;23.897125601800415;8.105008700308938;45.39994644428293;47.39922610000001;16.72972987186512;0.2915787454440766;2.81750468665678;1.9595184864524828
2005;FIN;1.1552135;32.171478657660565;8.208983311048383;45.950325003335806;46.7068659;16.62100922664916;0.34237404842967223;1.0505806988447608;2.568262300039259
2006;FIN;1.7436116999999998;29.69606989469576;8.162323362388065;46.609574084271685;46.555527;16.91970906643368;0.38504794037474976;2.1652106673369476;1.293900720228458
2007;FIN;2.3329829;26.52335302988789;8.755646150604852;47.40106264299356;47.822264;17.83131509454885;0.42534606839716993;2.8327430763287698;1.712060037118457
2008;FIN;1.2355482;22.129548921854592;8.58075581375953;48.23088794368954;46.4255854;17.040158770801398;0.46703348649006493;-1.5081975459091623;0.38037324437256714
2009;FIN;-0.602079;17.747731859787372;7.425767996331959;46.84485568188204;42.94375649999999;14.307811705011789;0.47991869612677984;-7.306416689036688;-0.31507410702061867
2010;FIN;-0.6292333999999999;24.85129897079775;7.430960489721226;46.31017638065407;43.9536456;14.929320574232886;0.4588960272715381;2.9990815242303404;-2.8451542741788516
2011;FIN;-1.7742737000000002;22.64371405711384;7.638256749397419;46.68448304660097;44.1182071;15.177427310516636;0.4642577469515796;1.2800082000000046;-0.6510741496250527
2012;FIN;-2.1776236;18.77490719573578;7.4108943801220155;46.87107499076468;42.9159945;14.39990721057763;0.47695933782454514;-2.3567858478905634;1.0788668783518807
2013;FIN;-2.1788625;21.91159951670245;6.998982196904017;46.32469203897775;43.5592992;14.410264243043537;0.46176579239010085;-0.5934360084433488;0.11323808852661266
2014;FIN;-1.1225298;21.1597208389336;6.787943895920182;45.90389016018307;43.8809877;14.360250419065743;0.4320647177790127;-0.5229957634315108;-0.41096201068767657
2015;FIN;-0.2935531;27.233328054444854;6.80301800014281;45.69108657969163;44.2655983;14.436419235905808;0.32951945080090805;0.025227101510316707;0.6350856370408886
1960;FRA;;63.118571056386315;6.965457336600747;43.20969125214408;37.70779179999999;12.56926393333333;;;
1961;FRA;0.5934881;62.24476980534963;7.491636042374998;42.7335016227912;36.3883137;12.268992785336081;1.074185248713544;3.5679984587329017;0.3858288934468712
1962;FRA;-0.6973971999999999;57.89254458042938;7.684850939381856;41.93629033938207;36.406372899999994;12.617458424347678;1.8200716997942346;5.384247147734023;-0.9217402839149402
1963;FRA;-0.9238366;44.014460218126466;7.99861491268531;41.52129402129402;35.76840870000001;12.634745988095402;1.752119835829924;4.160097399406015;0.8981198409734548
1964;FRA;1.2873985;39.230934972280004;8.424072493700484;41.523998622282555;36.15612370000001;13.010951386399647;1.0585585585585644;4.176022488264364;1.0684479182244688
1965;FRA;1.4660881;34.638935950885795;8.49894934948829;41.25627132249649;36.65245989999999;13.200227748970915;0.9583240472476051;2.8662910981023693;1.0245829574617504
1966;FRA;1.6829113000000002;31.37685474785762;8.715985652547316;41.21766812574612;37.5101262;13.549350969849959;0.8629339755167553;2.8879145767755965;-0.7150682069361314
1967;FRA;1.5774466;26.562708705935623;8.920363862394733;40.999427657936806;37.9227295;13.674690449395802;0.8137684042976545;2.8092237652158625;-0.597618608082362
1968;FRA;1.0326306;26.610216576966526;8.95255057585613;40.58723287563904;36.415478;13.036274375839502;0.7578598354023081;2.683152964451496;-2.2985593565018614
1969;FRA;2.0520455;31.927984548135367;9.147917901837442;40.86219959979018;37.58865550000001;13.664864286939409;0.8226744755450266;4.083946002773087;-0.926989922358179
1970;FRA;3.3639469;25.028204851361984;9.135533859901903;41.03650084706607;37.39478810000001;13.67949227085102;0.91504283799273;3.206038945125611;-0.5349995140471853
1971;FRA;0.2789727;22.150111878772044;9.26033705364156;40.839832948759515;37.2367885;13.605852080597877;0.9529493300477476;2.956341859009126;-0.0524482175023544
1972;FRA;-0.6535094;23.973262804331586;9.31681506337175;40.72617990058026;37.72061679999999;13.67349305490709;0.8924655313793162;2.1080395594775814;-0.2889437371302983
1973;FRA;1.8085157;21.702681649240922;9.45139983382515;40.96150600941256;38.08026479999999;13.925912175646072;0.8051864592586888;3.383009864893305;0.7356363583161496
1974;FRA;-1.2427001;14.406402896871615;9.21439351212513;41.069632278976194;36.97062679999999;13.421581049963699;0.6543790898693169;1.7286795401581179;2.4857553454680437
1975;FRA;-3.6947079;18.377405622852887;8.414025786327084;40.562189423718756;34.204488999999995;11.810208682133315;0.46570545061659363;-2.1044557879916326;0.9986052562877212
1976;FRA;-0.9175396;15.040434936130858;8.278910777580277;40.73574765923655;34.1524527;11.845121984549104;0.4023585255506834;2.3388573562173054;1.3470169637938012
1977;FRA;-0.296258;13.817100778936544;7.950473061876641;40.91184851548856;33.787908900000005;11.721739726234125;0.45430201850449325;1.6179907177886088;-0.2534888421127035
1978;FRA;-0.8422596;18.6508669388472;7.910803297200081;40.97631511512977;34.246134299999994;11.95699906965792;0.4393786193583882;2.3395748393949978;-0.7495127525648848
1979;FRA;-1.077655;20.882134675089986;7.889367204427472;41.0730231625754;34.814832100000004;12.18935621612549;0.4374565289014143;1.9047744669129951;0.052458512488384734
1980;FRA;-0.9124767;18.367352306546472;7.879408349311079;41.048280363326505;34.136106299999994;11.764235711319456;0.5175587265139558;0.04771723992280652;0.43444847833506994
1981;FRA;1.4753068;13.423458786423575;7.587934208033105;40.775193798449614;33.9086087;11.484138656461859;0.5674710372210345;0.02986087498553225;-1.5500960416217957
1982;FRA;2.5381801;13.022502862243611;7.333360577379172;40.6361437147209;34.2927718;11.60924110272173;0.6039300522805213;1.3518140809820167;0.6180215632697328
1983;FRA;2.6888621;22.486110629449193;6.962064529108742;40.37285900155061;35.109903200000005;11.780829132409838;0.5411701460442675;0.5060807591052541;-1.2837071462280858
1984;FRA;3.5321934;26.405302082398844;6.771904458496955;39.97091218672957;36.04235749999999;12.042224916807497;0.4883526119735526;1.0941864330413775;-1.206246262859667
1985;FRA;3.5813881000000003;31.448510042453396;6.794986982209478;39.685509062351095;37.04108979999999;12.334996732853872;0.500168496479314;1.0761660615948854;-1.5500876122365281
1986;FRA;4.8833446;43.02922539190455;6.935393772893772;39.67657542183906;38.7183399;12.926682236775155;0.5117978222120234;1.2359794705650629;0.8542783021057154
1987;FRA;5.2077507;24.58735574468506;7.132922636314495;39.811047273108294;39.36057629999999;13.181844906813653;0.5443084648745433;1.1498794704988047;-0.3875900521019271
1988;FRA;5.1652030999999985;31.7582902856721;7.554457255097652;39.96944126124249;40.9450074;13.995782500144331;0.5780346820809301;3.0046896492453845;0.21661643103225714
1989;FRA;5.3829477;34.150885757475756;7.884162414053633;40.42252062549622;41.9723127;14.55172990149157;0.5972844393513199;2.055632750122527;-0.6774102992868403
1990;FRA;7.2698485;34.779895081983355;8.014463611960485;40.56577863224389;41.6549448;14.443922398220664;0.5488625772377409;1.1819356159962213;-1.5012904961730245
1991;FRA;6.7680511;28.244985520043663;7.77258643572694;40.45569447291111;41.53517249999999;14.189941667231787;0.5012359241966413;0.05662777096715477;0.05945709759909157
1992;FRA;7.6088637000000015;28.580986635681757;7.491485216485406;40.00237937422458;41.71704939999999;14.167007277337524;0.49702807952449746;1.2493772438598283;-2.1344945950122263
1993;FRA;6.9712512;30.408480806502205;6.969017648290237;39.41788645401472;41.6375681;13.822847440499194;0.43508557249443136;-0.3122879573780102;-1.921252848597188
1994;FRA;4.8723108;31.37022150831803;6.963320251546419;39.46893703110511;42.6566174;14.261439059207987;0.3722819189440729;1.61112274026054;-1.304555933882967
1995;FRA;5.557110099999999;29.732010411474775;6.943290547602136;39.71946917520578;42.78341579999999;14.372097419991212;0.36247155019808464;1.1011791672215887;-1.5867934702314401
1996;FRA;2.3233898;32.2666925022544;6.887998802613426;39.802818787452715;43.0177206;14.429827288759128;0.3561229632118357;0.7970307339170812;-1.0565762953719915
1997;FRA;2.6034514;38.596669550250745;6.840147316425115;39.96830956550747;43.5646795;14.734591077675253;0.35653309229688457;1.42962669903548;-0.5241709036959086
1998;FRA;3.3144219;46.64954543989238;7.152513104916412;40.51781441106089;44.2103964;15.221300926518236;0.36860979067634414;2.010638487906058;-0.5026085937497871
1999;FRA;3.4543486000000003;47.72350053286277;7.554857109238624;41.27829120306843;43.87044889999999;15.300065105697012;0.5168173358149453;1.2311803112297737;-0.05874629241848783
2000;FRA;2.0733071;62.911849383989434;7.873576250266357;42.03733806216442;44.0756436;15.611003487569448;0.6877510870104242;1.3141202681919317;0.6115179251862113
2001;FRA;2.2432931000000003;46.31328055455416;7.875539720817722;42.33226837060703;43.9648328;15.531327918573353;0.730670081933571;-0.014405808123918451;0.08198900453810776
2002;FRA;2.4543409;37.08311266914518;7.653389833613283;42.23250695837918;43.5292774;15.25331983347149;0.7302601551802734;-0.10733895643572078;-0.4382376663166765
2003;FRA;0.6162479999999999;31.11203605552417;7.653304722442892;41.94585040572025;43.40645060000001;15.04656013783097;0.7104019677649065;0.048392276060327255;-0.9335882611934743
2004;FRA;-0.0262505;28.999295207105835;7.763173682733727;41.69551000877263;43.90627560000001;15.341283268312248;0.7391339278540965;1.9217068860411413;0.42321203204174207
2005;FRA;0.3580988;40.185426757698686;7.827297665446014;41.66824974670719;43.8345931;15.257207936007608;0.7544461280803993;0.43894265956698764;0.9990035778619566
2006;FRA;0.8977246999999999;37.38647305148575;7.941012095339736;41.82898646417959;44.0199631;15.364930351291747;0.6981382978723305;0.7150903873591741;2.289177828875588
2007;FRA;2.1178886;37.80617598647495;8.185123866439666;42.173023139540334;44.58838129999999;15.569061946200598;0.6194092031001963;0.565003248891105;1.272812662445788
2008;FRA;1.8251532;25.840718977905446;8.073303948051832;42.15130280760088;44.3223779;15.174220075121369;0.5593487805259034;-0.8558483779803172;0.7407822376575668
2009;FRA;2.742986;24.12044612618305;7.239772194322819;41.456439745254436;42.4552011;13.922524852925477;0.5142866021348391;-2.734848166677728;-0.12586451246727748
2010;FRA;-0.28220890000000004;26.54378924246378;7.284291787853527;41.29455015305103;42.5014066;14.005283013346824;0.49310579360661855;1.3934908972229376;-0.4121588349751626
2011;FRA;-0.4388189;23.311371607043377;7.3234031837255;41.402112352671054;42.5393224;14.110529063708032;0.49068619156757975;1.2932954000000052;0.4090502040718258
2012;FRA;-0.8393244000000001;22.426980204120387;7.235520132234521;41.33981203637416;41.9458843;13.757937271950885;0.49135159957141017;-0.3097008531129264;-0.5445440515983946
2013;FRA;-0.4686019;27.88356637723456;7.0844728957593;41.203212607970904;41.5835522;13.540403336046934;0.5163668489436501;-0.009598870501248413;-0.5706389655875332
2014;FRA;0.0977645;30.617725230121582;7.000576797120171;41.220913573916846;41.4864767;13.47203313914509;0.4864373389907639;0.2706812723546337;-0.02527378034340444
2015;FRA;-0.30340759999999994;31.74918147843174;6.987861737824661;41.13195080564023;42.04594229999999;13.640887205871005;0.425268809096524;0.44088954834913263;-0.29696418500334554
1960;ITA;;44.88803152850649;8.487046967904995;41.69226708526147;36.62567320000001;12.208557733333336;;;
1961;ITA;1.7511033;44.24793571248311;8.998481077364975;41.49786836603752;38.21183539999999;13.0983223709423;0.6706215375789082;5.968936837193595;1.7417259590779333
1962;ITA;-1.7428439999999998;30.92887586196805;9.358273752820988;40.783314285040426;38.27051189999999;13.20035515275369;0.678917254609801;4.693055289795733;-1.7258736265004404
1963;ITA;-3.3153344;28.454744276094132;9.56887592796289;39.85693436353703;36.4899832;12.575323846615854;0.7322209654389011;4.372899189008428;0.23915805718861538
1964;ITA;-1.3630004;22.700976131435837;8.61619265776619;39.35458008508893;35.53814010000001;12.036750963896496;0.8260165456957846;1.30563349983841;1.5430588617491248
1965;ITA;-0.06272140000000001;22.186349147339307;7.629224791566745;38.36178947984499;36.3026963;12.27519009915453;0.8456643254472374;3.0059217684607287;-2.597220868723704
1966;ITA;0.5646057;28.405615865425112;7.690878320078494;37.46051143395724;37.5424608;13.000845899965082;0.7803332607337898;5.623874843915111;-0.9030162047930279
1967;ITA;0.3363032;24.98265507651882;8.256807011310476;37.63198646515628;37.8520105;13.498708935791923;0.7264037776804511;4.775623928981698;-1.3703323081821983
1968;ITA;2.0129338;25.778605623103953;8.747713063749957;37.33178925815829;38.4393896;13.965942541877512;0.6337369212011223;4.827555318073418;0.5862804354744178
1969;ITA;0.7896734000000001;28.98721696517361;8.989118208195338;37.289823386961956;39.7452589;14.611116662159656;0.5676636470792529;3.882580689045567;3.3104786354340554
1970;ITA;0.2159041;28.36537940710873;8.847426764537477;37.15053458771856;38.1600626;14.11186623688659;0.5302780550992425;3.365951189282379;5.7597286209405185
1971;ITA;0.20009920000000006;32.61321264474682;8.611455247417826;36.98933617933668;35.608714899999995;12.829407150471063;0.46754245719906606;0.16485512316659623;0.3868936314929128
1972;ITA;-1.2319948;40.19632141429237;8.556220630352163;36.68493304091688;35.69542489999999;12.778893442982413;0.5693270399228956;2.350683413400634;-2.3207061688070407
1973;ITA;-6.3613922;50.69104274074664;8.756344351753008;36.95295057810935;36.178151;13.257692584789254;0.6804925475822676;3.8932073410187673;8.201006066527494
1974;ITA;-5.6314698;47.37782006625135;8.62054247877618;37.2822326079132;37.11994670000001;13.731046984958121;0.6565347381216169;2.4686437892088353;8.834278883428603
1975;ITA;-5.7957655;29.393518577830687;7.813544538690737;37.08863770334883;33.880343100000005;11.86483439478401;0.5990342957399974;-3.419691078476028;0.2244227230701723
1976;ITA;-2.0447099;38.18104385190727;7.607607449514431;37.27750112799646;35.46359220000001;12.885243171249448;0.5000973918201979;4.816432709399954;2.5080678878588447
1977;ITA;-2.9512903;30.482985439029306;7.596556886815191;37.23353582372937;35.3918422;12.784141915011013;0.4256252797556703;0.7107760843475308;-0.8827654645132132
1978;ITA;-0.6455334;23.07791326189181;7.459229419172253;37.224191558019896;35.8921409;12.984143612775664;0.35694849958300967;1.6999649730824018;1.0307461774881066
1979;ITA;-3.0749966;28.117949483411397;7.6976659885933385;37.52944564598986;36.4160545;13.503849273594417;0.2895656413874903;3.643610653022189;0.16379818139429236
1980;ITA;-2.9336631;46.61266794145778;7.926966254251355;37.99368723218992;37.058493;13.693477190897644;0.20621207711977174;0.7546616220377445;2.2426429521547275
1981;ITA;1.1216202;65.12099673394867;7.549876088836939;37.917383865168595;35.87504399999999;12.934123731407373;0.12012641412606495;-0.4260281512199482;3.7318664681199376
1982;ITA;2.2647066;36.89607491497946;7.095629590639837;37.96683752494626;36.6317679;12.898512094808469;0.0741093073789445;-0.9949086258294604;-1.172109034099622
1983;ITA;2.6993254;25.606798680069478;6.823979716539949;38.0754345947571;36.81357;12.796229090005214;0.03630122396989233;-0.18535535220204347;-2.7042081029721277
1984;ITA;5.4411761;25.689597154382028;6.92140536853144;38.06479902209951;38.2351957;13.381821828682828;0.022353411106834642;1.9929596765799085;-1.4692015185715834
1985;ITA;5.4898574999999985;35.927184519944916;6.831743156931047;38.41400124760856;38.9194592;13.679646143549775;0.02890411564699935;1.3191522304990766;-0.12917513250531032
1986;ITA;6.177897799999998;56.83727439863456;6.86277080715556;38.67619628930623;40.214413;14.209437911093449;0.005449430372839181;1.4172809723418611;-1.9118584084452994
1987;ITA;5.9851867;41.54981643257738;7.024049257279251;38.76051331181617;40.844352;14.54178964366763;0.010205640294813634;1.923458595302785;-0.3557235328442321
1988;ITA;5.1063637;34.77584667483696;7.333272138204004;39.15756277917533;41.7418338;15.082183376406359;0.04833227332827761;2.477303546956433;0.46405524248374075
1989;ITA;5.767279599999998;38.10444576426514;7.45170294009959;39.39532269155262;42.037918;15.287141575324139;0.07503714332415257;2.112167025132794;-0.7823280009082723
1990;ITA;5.521856099999999;33.17094478057581;7.560152213225342;39.989543230833135;41.52176510000001;14.98904607946615;0.08374361836271937;0.3612685115469416;0.15698007413826875
1991;ITA;4.9616823;30.69747551187626;7.460083531298143;40.70968833032137;41.3223509;14.75468531906995;0.06925515927223014;0.024732300922991612;-0.3647218890969084
1992;ITA;8.4125166;49.206278874395565;7.185488810585801;40.38690047607547;41.6814705;14.665530562091519;0.06794750694791851;0.43371386388133537;-1.0675387791729718
1993;ITA;4.5829303;44.82251168775459;6.2938230341116785;39.278019967018125;42.7329946;14.707313345247728;0.06115454477446658;0.5912420666479568;-0.5273410454546545
1994;ITA;3.1950119;54.92949194168625;6.258621921973222;38.62390532586017;44.6329851;15.492691604147558;0.020374149193624902;2.3160667663508994;-0.5730637470712563
1995;ITA;4.0103879;57.60421219155291;6.5947083045251205;38.54564133958902;46.5584662;16.368874544088445;0.00158329726933637;2.2872004324664186;-1.2309980974678392
1996;ITA;4.4716321;42.86591296606431;6.625640181670354;38.76905327618743;46.0826119;16.154904093931798;0.028147061358829717;0.3390104488735002;-1.216929016152557
1997;ITA;4.4756807;43.38339235135777;6.638008717098661;38.8708815547087;46.0015073;16.16924514911299;0.0529367590392571;1.0559454803379387;0.38093204932405644
1998;ITA;2.9439832000000004;70.18062614340552;6.7823904212081425;39.25091421572504;48.254545;16.951343371939412;0.028651582692318378;0.529661429291095;0.09357984496014549
1999;ITA;1.0639027;54.00743630846365;6.9365281629301405;39.67404768054143;48.21300129999999;16.898628211928337;0.01686971832843831;0.5553627626564639;-0.4991333653611596
2000;ITA;0.9852754;51.04467673296749;7.249778496154876;40.429313284898164;48.9458111;17.431313092641915;0.045329721011366786;1.8052229240470563;0.7139625581238596
2001;ITA;1.5930213;44.89625985279183;7.310371879826125;41.19582729318109;48.8076947;17.329381922183032;0.06620760386428781;-0.089294545336982;-0.687798618995894
2002;ITA;0.401243;25.748883323277504;7.457673877779722;41.799665496195246;48.53908939999999;16.906991861955543;0.21007444743574855;-1.2095853157777392;0.3479493462769989
2003;ITA;-0.5347326;31.785655621623516;7.2898551317173155;42.182203906459556;47.9859107;16.412385501542687;0.5483410537745481;-0.9633229757161077;-1.3781120604867247
2004;ITA;-0.297368;20.53098756226649;7.296755446552304;42.12064005753325;48.0450496;16.3673962076668;0.7527964244782526;0.5332839171810599;0.37143622199808934
2005;ITA;0.0582742;21.201031099636896;7.27507283682895;42.10525411320729;47.86830689999999;16.144549554676964;0.5978065444084857;0.15691177044308002;0.7944650040127677
2006;ITA;0.4729975;23.45875256819312;7.357012199016673;42.759685358490046;47.7263882;16.09037161962841;0.4086570683237589;0.16449318467270935;0.20297400563644707
2007;ITA;1.9604433;25.229455841313772;7.3267037447661405;43.02775764874786;47.9616256;16.083323547072208;0.6144272305933507;0.0901501559280371;0.8512403194596008
2008;ITA;1.4787974;16.333945390006015;6.984648126024289;42.78930959337901;47.1114573;15.375701627273973;0.77312485328489;-1.434650252256553;-0.3061730945897123
2009;ITA;1.5905034;23.300873762836247;6.235623802690114;41.83654115676345;45.75062679999999;13.990305019637375;0.5678413420231232;-4.17491591712259;-0.09105365193349257
2010;ITA;-0.6063395;24.206638957152695;6.154013761070916;41.39372484522711;45.9464749;14.17757621001011;0.42179786935847563;1.914605590950269;0.8155865115616834
2011;ITA;-1.4669605;23.34386184485374;5.998321612017105;41.36313686313686;46.3582672;14.300977417030332;0.3850936660114712;0.2612853000000026;-0.20864553405303132
2012;ITA;-2.0921789;23.192747400405317;5.441474106920684;41.042706967787055;46.3328816;13.887057141551207;0.46470196470196345;-1.9994818478553888;-1.575936879146378
2013;ITA;-0.9624987;27.364360528188808;5.097916970305992;40.10592549598987;46.5827363;13.767710603526142;0.5092883387388891;-0.09715888836596687;-1.1520167657571245
2014;ITA;-0.0504673;35.640629518386625;5.004140781564574;40.03908595455435;47.0222255;13.976311154910592;0.23529838539466663;0.16159606729646558;0.18760061865177313
2015;ITA;-0.2217349;35.488694496581225;5.125683030534163;40.338643122248094;47.1185487;14.18242290982136;-0.09623435780428125;0.6543213083766375;0.8660441723515433
1960;JPN;;27.247957053796746;6.582637688113774;50.86149285473823;;;;;
1961;JPN;;29.49161220576142;7.755341579531009;51.088476419600525;;;0.9471503795385638;;2.4729378351798337
1962;JPN;;24.75949210637169;8.478769443405952;51.260426989501376;;;0.9496911750312753;;-6.378596253616619
1963;JPN;;24.376882942667585;9.058545140024279;51.19983926125579;;;0.9753644608509582;;-7.027219430305731
1964;JPN;;19.818534925960158;9.957497417117825;51.34113168876583;;;1.0269690659564956;;-1.6113749723954185
1965;JPN;;18.89652240096616;10.002374996883072;51.6028268692225;;;1.095867391372396;;-6.754105231373863
1966;JPN;;25.017796823420426;10.819306960502134;52.05399304271189;;;1.1662376473384084;;-1.1804729700145233
1967;JPN;;23.034563929376638;12.003706008071138;52.412294181132935;;;1.2298724090198387;;0.8613282459558169
1968;JPN;;23.390654593896368;13.454452635539294;52.60725953095285;;;1.2898836829244642;;-3.0045483338559054
1969;JPN;;30.099650547053926;14.755714573420942;52.304481132007105;;;1.342970551196565;;-2.358609084619845
1970;JPN;1.0684425;29.403077626797167;15.729492831483372;52.1425348397906;;;1.3853399004154276;;-2.9459253769759774
1971;JPN;-0.4141544;29.283173649846557;15.197977262554543;51.770453124248164;;;1.429225429112213;;-4.802967177507156
1972;JPN;-0.6448229;44.82262021069526;15.454961100272532;51.291732495090926;;;1.4580841698412783;;-1.2370786945975265
1973;JPN;-2.4968192000000005;50.37840388177765;15.787094002289942;51.70559564772872;;;1.4408980042506903;;4.3320617252550875
1974;JPN;-5.2161002;41.14780403754716;13.423975772562125;50.79379391223146;;;1.3669530348686676;;1.1825535047395697
1975;JPN;-1.1491924999999998;44.14082186622444;12.487473365604632;50.041088102435936;;;1.2545368198712659;;-7.016490199458714
1976;JPN;-2.2941706;55.477282067301545;12.068742610425009;49.88828843402982;;;1.127040178724914;;-4.23929171272952
1977;JPN;-1.0288367;59.49327159911707;11.703767053510877;49.98165520599601;;;1.0106525714620673;;-3.153202827716872
1978;JPN;0.4645392;67.7181154196663;11.882412989360677;50.01137627723822;;;0.9153361676752736;;-1.3256979636582455
1979;JPN;2.1928083;70.96094801772759;11.825182949982914;50.098675520067395;;;0.8523078604242507;;2.886368899983993
1980;JPN;2.9623341;67.84262438435707;11.129818235119966;50.038798715289836;27.8298018;10.532480994848546;0.8122390773437571;;0.5708763027429731
1981;JPN;2.723395;68.7547980008674;10.877784472821707;50.031223687962544;28.141864400000003;10.540755656188425;0.7772600853171996;1.7087402311861677;-3.4344962904566234
1982;JPN;4.1110273;63.49329393358424;10.38805515706575;50.072156961702596;28.353171900000007;10.489073882874903;0.7347318810225545;1.1081295825768667;-1.8768977580844837
1983;JPN;4.487393900000002;76.80480865067284;9.85868480629256;50.48296059368661;28.570844100000002;10.480142166246312;0.6875882702413572;0.6285423945442625;-2.139164658425685
1984;JPN;4.0613807;99.08517264805768;9.90136325720444;50.33651829736121;30.0133261;11.072545134436089;0.632451094976294;2.769569173948372;-1.7906712058805896
1985;JPN;4.8617609;109.8151760973266;10.29891271600806;50.32111004477512;32.627565000000004;12.297481583307166;0.5728054053951048;4.396984078010169;-2.0975098680027005
1986;JPN;4.7196565;136.05649755026747;10.45218418689362;50.320107014342476;33.2440405;12.386930090687091;0.5132441342209138;1.0009392866463962;-1.5703374714267082
1987;JPN;3.9637361000000007;170.45501540813947;10.825332698491358;50.288141261839904;33.46267859999999;12.45395730033961;0.4599694749377825;2.250190619167447;-0.7672037135624254
1988;JPN;4.0637071;197.43777127788582;11.682195493120275;50.661361067709485;34.85228360000001;13.235909597938784;0.41578621551168204;4.44660628025606;-0.45653778922785104
1989;JPN;3.3577178;223.207992351729;12.120590065244762;51.21151349262756;35.697847800000005;13.573891308402386;0.3834581679733162;2.4307340095190977;0.21465795964836776
1990;JPN;5.0714437000000006;206.26909605326173;12.392831167984736;51.87940244673514;36.27470649999999;13.804347375217676;0.3600080190924171;2.413571197004827;-0.2645991918184265
1991;JPN;4.4675969;162.45372949701067;12.108451043296911;52.75457826701877;35.63339810000001;13.350823792413628;0.3408843011999174;0.20207616151239893;-1.1902064120509426
1992;JPN;2.7111801;114.01580847194612;11.384619508821649;53.17899878568528;35.61730379999999;12.938229914710917;0.3213229964795561;-1.3426699779506834;-0.8980348999499399
1993;JPN;1.9439023;127.01030592239815;10.734812189983987;53.22059874484961;35.275785600000006;12.437794115106358;0.30001880622501087;-1.2394926197414113;-1.890430934819065
1994;JPN;1.7693544999999995;141.8415893142503;10.295260923325637;53.13447049968772;34.90955500000001;12.087323525337258;0.27494178138600667;-0.21322739724348727;-1.4692034131590814
1995;JPN;1.5808086;118.11757857065146;10.3517607163729;53.1859562045057;35.28988489999999;12.197058131873263;0.24772658825804594;1.4181059389358985;-1.1699569612484195
1996;JPN;0.525654;139.13780604800203;10.669545428548208;53.121882328552374;36.23082370000001;12.495273407300132;0.22041857396593034;1.7805240443222736;-0.9716890413369539
1997;JPN;-0.573982;108.5187513744971;10.178656208018085;53.39920935285911;35.493575899999996;12.043859629775323;0.19628828049604863;-0.387204370704064;-1.4979279544478752
1998;JPN;0.6099015;86.49147346667071;9.578316047002279;52.694439701821636;35.9239991;11.812341562657348;0.17701524668189972;-1.1625279722256687;-1.8858645909155536
1999;JPN;0.9182867;101.04050863638267;9.319214700419906;51.902897611134804;36.352377;11.713951254395141;0.16408203228472917;-0.07235611125260277;-1.598841926658845
2000;JPN;1.2225241000000002;109.38974311170472;9.209553811956045;51.445131458110595;37.5729568;12.235103118790734;0.15555398385898034;2.5971199795677524;-0.07496456523354844
2001;JPN;1.2234121;87.06177382934368;8.926894351095003;51.18086596944761;38.31112339999999;12.352522795797888;0.14864984875320175;0.1111223794281635;-1.39942978060148
2002;JPN;1.4979451;76.79491000533545;8.401535062935979;50.51264901014496;39.8805174;12.768670047566841;0.14022789993255458;0.5459663854177066;-1.086087122657864
2003;JPN;1.1097715;78.02449584528658;8.278511028375346;50.47404814359495;40.4884461;13.06958869210263;0.12914278368518772;1.2286940445295214;-1.3174161147107566
2004;JPN;0.616822;90.18623685811689;8.23433287405107;50.704436794989164;41.43809939999999;13.583161129477226;0.11387562434315157;1.595746757995542;-0.7369748919449526
2005;JPN;0.5080278;92.16540646949;8.420783087276785;51.06214855909966;41.22018610000001;13.626010959005365;0.09525898150986034;0.8511754543740535;0.12048314625037193
2006;JPN;0.3392067;95.00877175440928;8.393046064879409;51.380099415886846;41.48096049999999;13.808602979899423;0.07575986201882046;0.7111622519504701;0.3677339516615641
2007;JPN;1.186485;80.44747221441155;8.196857528671831;51.75819624678216;41.96285160000001;14.138281323649428;0.056260465281998684;0.9885209998334421;0.32144945941627867
2008;JPN;0.2613275;51.69669104955554;7.88454213031089;51.66140611439668;40.65369989999999;13.544487242387474;0.03521801611048314;-1.0075721979859287;-0.23952185497062572
2009;JPN;2.7711891;44.52656154544485;7.173529460789722;51.04900485902804;40.0612733;12.725207590424482;0.01256393323625371;-4.431073182662515;-1.4756271577322733
2010;JPN;1.6969203000000002;52.23100567012927;7.117103599494247;50.94752684000178;41.523284;13.85510356187808;-0.011500648857953877;4.64870914352189;-0.20173140699144554
2011;JPN;0.7447375;49.180932520636;7.278650329575475;50.935603102559135;40.3338311;13.523899637853438;-0.03615194311482606;0.1477303000000152;-0.5205546792279914
2012;JPN;0.8186691999999999;45.83985764881471;7.557578908978227;50.75047507372005;40.9844862;13.986361752764095;-0.06148768893360357;1.8716232453647619;-0.3845026316542599
2013;JPN;0.2998044;60.500997943034925;7.922576709605599;51.0852687320965;41.8428961;14.550807632163236;-0.08834944694854352;1.601132601456423;0.4624128181180742
2014;JPN;-1.8565343;62.80603803568475;8.13949070717931;51.445475945284095;42.2327603;14.696129721144985;-0.11693834104935519;-0.10731573601320266;-0.9348478823335338
2015;JPN;-0.3144996;67.48256981867398;8.243727526818352;51.74449832599281;43.6706601;15.338002602187853;-0.1466220252412831;0.9217597479649342;0.1937734009374248
1960;NLD;;32.9881856694605;7.334398225885979;39.93086397569486;41.8450152;13.948338399999999;;;
1961;NLD;-1.2265198999999998;28.62891639892816;7.493104021997075;40.30735531560538;39.9608394;13.226967074480756;1.323982636858445;0.6793433032595386;1.08535095936253
1962;NLD;-0.7129018;26.733800674849675;7.470503919089226;40.883280933455055;39.2323654;13.019741656509744;1.4346690596003908;1.2730757638126589;0.11598105635317602
1963;NLD;-1.7205669999999995;30.44274576803628;7.30036696536573;41.14940657528193;37.9068899;12.596278771907269;1.357625124632733;1.4011855550696728;1.1600955156523485
1964;NLD;-3.1177557;28.07233339168763;8.315827860029021;41.55764105574942;37.432449;12.875572083609725;1.3467696632265325;5.261624569938417;-0.05173735615454644
1965;NLD;-0.0196952;17.773723114421635;8.369990438897473;41.62467307136097;36.9008704;12.767418040904944;1.3821253521033805;2.8629814037955503;-0.05007026198380338
1966;NLD;-0.5266789000000001;19.925470176015754;8.617381620150729;41.77612509574511;35.132586700000004;11.902128244001617;1.3137252605424754;0.34566127681037173;-0.5383348715394809
1967;NLD;1.6677569;35.34455646893424;8.888310819599026;41.56576006367893;35.60908070000001;12.078074983954844;1.1395884684725743;3.417232677024984;-1.8003631617435012
1968;NLD;1.9425334;30.457318639504688;9.352827084236095;41.812660308894436;36.3352326;12.415014872638173;1.0439585778953653;3.5661431234703667;-1.9448025513551292
1969;NLD;-0.3265342;19.09700702490642;8.711409314173581;42.334576244853565;35.314747;12.235967057346123;1.125547056373044;3.3858814906158274;-1.419985563740922
1970;NLD;1.8415533;16.80216827001649;9.235484872778224;42.48839779005526;34.16031410000001;11.910928033028396;1.2351433232346665;3.0716328895106226;3.3465690395770853
1971;NLD;-2.7074137;21.50537583411451;9.09020937861432;42.42094891617402;33.3938584;11.536810801408233;1.2430939226519389;1.6680795646840663;2.9202096856486115
1972;NLD;-4.4127087;23.248960971934572;8.34420274628873;41.80525881470367;33.243476;11.381756547977012;1.0307715628316005;2.0448623567982382;0.09634113388907739
1973;NLD;-1.4313698;10.565240321959541;8.213699023296625;41.809435927965474;32.466155799999996;11.234731716094783;0.810202550637662;3.100861401188837;-1.8243031217570094
1974;NLD;1.2159471000000002;12.944647338225096;7.488628458286508;41.800302739422584;32.84879559999999;11.360187125914944;0.7813662747432559;1.6687138170081939;1.5124922469090585
1975;NLD;-3.7934843;23.63717675543174;7.117783422409397;41.47945827232796;29.727317099999993;9.977659203086645;0.8639149376061361;-0.9633837233848586;0.4003842584445527
1976;NLD;-1.3759354;15.415952691451295;6.936419038129753;41.53002976838742;31.539338299999997;10.753694418190422;0.8272327964860882;2.971592771427467;-0.243340384533286
1977;NLD;-1.0716313999999998;15.351000588339172;7.172725906380989;41.669803695150115;30.950052;10.492847009394454;0.602628330792121;0.9814319474961586;0.19896831590628938
1978;NLD;2.7891622000000003;14.569967859118552;7.09045646381547;41.90993615036946;30.911060700000007;10.444826094206668;0.5990184757505679;0.9421417410313548;2.178952527986211
1979;NLD;4.5491556;14.189258437476346;6.7248519744289315;42.50204503349009;30.46235940000001;10.23338487030274;0.6815410000717392;-0.08679210836510798;1.9254490156743298
1980;NLD;3.4767962;15.621283946490552;6.567253539930248;42.75549901046085;31.284258099999988;10.387133375051073;0.8123129542539465;-0.4016458353191643;3.1005253357222706
1981;NLD;5.8600629999999985;9.927998086856734;5.848152731486435;42.26589457429633;33.23253340000001;10.760151929663309;0.6997455470737934;-0.8826139050344795;0.04373397642436494
1982;NLD;3.0724584;13.093160653908212;5.6065978355516854;41.44935718278368;33.151050600000005;10.45111496937164;0.45623640064575977;-0.4898655856670042;-2.7780410522495913
1983;NLD;2.8328341;25.71950301230071;5.646942357635595;40.9201767817372;34.33382710000001;10.89241859863669;0.39128004471771227;2.5161990973058046;-1.8822594237759893
1984;NLD;3.2576559;20.605119127760194;5.954358608178784;41.09514664078209;37.37668000000001;12.019080715263785;0.38279510022272145;2.205592394250533;-2.2917146103880626
1985;NLD;3.3588083;27.200602468483286;6.288101809986886;41.675000000000004;37.1972695;12.040603734291887;0.45066907023503244;0.7243054098148516;-2.591006202868551
1986;NLD;5.828754;33.76250610481068;6.57883582081246;42.43221665408114;36.4301438;11.873065986055543;0.5452788514632712;0.572452598553963;-1.2425063108936207
1987;NLD;5.8479684;12.34785514254277;6.54850691942024;43.05205946535734;34.821597600000004;11.3490073903679;0.6658886524335772;0.1658582098860828;1.011567985437778
1988;NLD;3.9581337;24.86839796039369;7.027432055767722;43.54283875338755;35.8969874;11.828255203073258;0.654664484451728;1.5608748849011533;0.3469960049481857
1989;NLD;5.5943533;31.501905648763767;7.098836688376364;44.45377879563519;37.7037278;12.688513588323685;0.582655826558276;2.1277795458172655;-0.09883270390711463
1990;NLD;7.194477;16.588566672656878;7.1499340848006705;45.49899645413795;37.6959953;12.938884699990043;0.6803179307557583;1.7123293263691997;-1.26859150945825
1991;NLD;5.4998559999999985;25.41112313025958;7.0999786209868425;46.00326519777011;37.4679662;12.919053718113773;0.8095269953836803;0.8506681997130228;-2.3014354099591072
1992;NLD;6.0663958;19.056199275960076;7.09469591688988;46.300151495191685;36.41064029999999;12.535777740609882;0.7565702150252207;0.18474114980475687;-2.1841235148878035
1993;NLD;4.5680483;43.20472253444313;6.871673317676616;46.15913015042511;36.21376310000001;12.431376424018783;0.7113687261230295;0.5725744538295885;-1.2251710394436732
1994;NLD;2.5590816000000003;23.75616999170768;6.905632743412086;46.209641765814965;37.6197661;13.095307558716303;0.5951602354480112;2.33627528751168;-2.368597040728948
1995;NLD;2.204059;26.838073316850693;7.186391117452762;47.011642949547216;38.691554;13.648877485766791;0.5136207008647142;1.3046578994207358;-1.436167201336036
1996;NLD;1.6875557;31.56617714588433;7.516355082939259;47.790802524797115;39.2843461;14.054088337416784;0.4269081500646754;1.2546576449667723;-1.1002632922734845
1997;NLD;0.983522;41.68523311646883;7.8132557165090395;49.00691952844695;40.2805614;14.691635119725676;0.5281463351797022;1.5051110782202004;-0.9944981772409989
1998;NLD;1.5949625;33.367001212439426;8.1325937510942;49.86308348723174;40.72353979999999;15.156023053909884;0.6086622245002671;1.8593135018650342;-1.1459717081421128
1999;NLD;1.1729903999999998;34.843407229934684;8.681586245421855;50.951989373141885;40.491899;15.36276778488004;0.6750302489969995;2.257725331205762;-0.7170560600750608
2000;NLD;1.3215689;55.21606830419788;8.637941537857904;51.51990955910062;40.7293371;15.654335387506645;0.7147827187045319;2.1062543760522745;0.9126722814614796
2001;NLD;0.9987749;42.61866571660553;8.525348867626494;52.1535872343078;41.6499561;15.96140963960555;0.7599547795503092;0.33144841510595047;-1.0255025906720783
2002;NLD;-0.0922264;34.22567448440681;8.015883868931784;52.18926116306435;41.102375;15.472930655574284;0.6482578071433043;-0.46076215800570086;-0.17117549722167613
2003;NLD;0.0023393;25.872753324315692;7.7451523509893745;51.65505763422301;40.94330849999999;15.1781224118601;0.47067566730663035;0.20973142485885;-0.35320099445982356
2004;NLD;0.7549509;25.832540062815593;7.640676827048644;50.903170312115996;41.6948098;15.519287441293873;0.3266966652283765;1.812757485483707;0.2639899556625913
2005;NLD;0.341011;24.842830712825656;7.759889587141032;51.11233682662254;42.98112239999999;16.057330570259445;0.2519046448758999;1.2222399934793238;-0.2991362804560693
2006;NLD;0.304313;31.496686538012735;8.133195137807107;52.14491157211921;44.3288029;16.78826191956179;0.14708586137157642;1.26466111189103;1.1330691917542657
2007;NLD;2.1868971;31.23466832267667;9.06002104581512;53.5596531933081;44.3759495;16.925283081936755;0.22642433143627017;0.876774163348415;0.5364583531735301
2008;NLD;2.4830935000000003;23.78472106174297;8.578184960463844;54.22749391727494;43.736553;16.629497532868662;0.3785566003174923;0.1122425769538804;-0.20495884279192467
2009;NLD;2.755321;17.92091178955457;7.722160312095651;53.48541691879463;40.7921014;14.71070888765218;0.5231143552311357;-3.5892038050605146;0.5246917053193023
2010;NLD;-0.812973;49.2638750609982;7.132796769284636;52.84733927281483;42.1208713;15.253382816717158;0.5203921094033559;1.3355429724126733;0.17134038033639332
2011;NLD;-0.6964234;28.243618485005765;7.394327559372515;53.04618702450129;41.5509601;15.099714721921645;0.4875993257885902;0.7134699999999938;-3.1094579075449214
2012;NLD;-0.6940326;24.822206319450114;6.88419019475202;52.75191021967526;40.7689726;14.569998420024865;0.3534415623315246;-0.9110123005393378;-2.557373269674068
2013;NLD;-1.8278266;31.779743846950783;6.743806879761729;51.982142857142854;41.0782025;14.59558649661567;0.2865329512893977;0.43212912534205117;-1.8880081254385894
2014;NLD;-0.6717325;35.22313229538542;6.567687298145089;51.7404969459764;41.15144429999999;14.798635861795008;0.374999999999992;1.419611966372969;-1.118102420827738
2015;NLD;-0.1989218;33.513369743721505;8.302010027934806;52.022916543618216;42.3666279;15.223062529654905;0.40324971831822154;0.5296213220380652;-0.5007712546877152
1960;GBR;;22.222221339190483;5.476008129841822;45.25353459397548;36.0637951;12.021265033333334;;;
1961;GBR;2.0147334;20.833333152242833;5.7817536134290295;45.49988401038071;35.04607270000001;11.716172972156182;0.8286711668931801;0.8718296876206955;0.637475288395617
1962;GBR;0.2726383;19.99999970197678;5.706515586050366;45.472931110243486;34.6331024;11.447416245836346;0.918440065467796;-0.3266090183134396;-2.081067167461481
1963;GBR;1.8952366000000005;24.390243228739905;5.707974017283835;45.27085980352428;35.39174129999999;11.990382180980134;0.6248586078862362;3.777649122540505;3.0592494828986405
1964;GBR;1.1120488000000002;19.607843503911702;6.440878414895766;45.50561876841102;36.0163824;12.505340528549883;0.6825169026280609;3.5334803947092652;-1.770021133235955
1965;GBR;1.3254328000000002;19.23076883399276;6.544654483963145;45.66387040190654;36.2160101;12.466807203923395;0.6649257224508043;0.29568963332711196;-1.3118787958334543
1966;GBR;2.6427843;17.2413798064596;6.347379489760356;45.706769486494466;36.078775;12.261034668674897;0.5390983828741369;0.014496339691771887;3.0272339240361434
1967;GBR;3.1435331000000004;22.72727285042282;6.69046788318621;44.78248065957636;36.81591070000001;12.467106633064729;0.5782993035795325;2.3534363262809777;-2.625715527697714
1968;GBR;2.5286117000000004;31.249998515704718;7.166824683391179;44.332598584888046;38.3375353;13.213912179877655;0.4639831017760887;4.248023545709545;-1.4758609161536818
1969;GBR;2.9078535;25.641025111990345;6.872475989998457;44.200168440163125;39.03036070000001;13.265806267724544;0.44734982851863947;0.45491196970393055;1.9960161404595445
1970;GBR;1.4300287;22.72727285042282;6.878308237429287;43.89148634421859;39.0518033;13.159447259994307;0.30832429987832644;1.4548479011036175;9.594043697082721
1971;GBR;-2.4684494;30.30303046723043;7.121802325875594;43.27239605018714;39.9570154;13.449573593781768;0.5320683189865782;2.517382288233594;-4.264552035354285
1972;GBR;-0.1914959;31.249998515704718;7.2117308058095615;43.08490199741542;39.65151779999999;13.451850444082355;0.3021752181022519;2.915176542286524;-0.4239992274530313
1973;GBR;2.1416831000000003;20.833333152242833;7.1046328653561535;43.80892816799281;39.97916070000001;13.964718365921797;0.1933828624653522;3.888582666186413;8.50474077512704
1974;GBR;-4.2774733;8.54700864280095;6.397534011063283;44.050203998309975;36.60395820000001;12.13433865955517;0.06307972434813625;-3.905338260685398;5.4299152956438945
1975;GBR;-10.3742083;18.181818280338256;5.8977980210913445;44.02141707331535;33.0444725;10.580669325671282;-0.007422323446859558;-2.241048885835051;-4.228886039955293
1976;GBR;-4.3064867;15.624999257852359;5.836914094095965;43.65817502524514;35.9962031;11.658284479968826;-0.024600053073386974;2.6913053863497405;-2.318144859653948
1977;GBR;-6.1616119000000005;18.86792475110316;5.834599467547486;43.72420462719492;39.28136329999999;12.827596329031314;-0.03286862070064345;1.7018899352066574;-3.0412225356743816
1978;GBR;-0.3120005;17.2413798064596;6.153151084265702;44.21007536953213;40.2496635;13.451955563056776;0.005357720362031415;2.7587797701540184;3.226519859828425
1979;GBR;0.118603;14.492753986249683;6.542187920803211;44.84868016826701;41.09611479999999;13.951030241801677;0.08977036983870423;1.92491953791043;0.7852308691470355
1980;GBR;-0.1632144;16.39344243873867;6.018720029243084;44.379456886114596;40.11733719999999;13.122451656485838;0.11958884348723942;-2.1653864115448562;2.5109229337424432
1981;GBR;1.6188825;16.949152439635775;5.552739715695304;42.94938699096086;41.156672;13.200831937768118;0.03482776308405544;0.6386043321653156;-0.3273232493265943
1982;GBR;2.8484563;18.86792475110316;5.761410383554645;42.19129609181456;43.014979;13.888658334931316;-0.03583623363064836;2.539694219026023;-3.949663881840515
1983;GBR;4.0832623;21.739130392529788;6.0842586311825615;41.95654687825737;44.1949093;14.64635218917101;0.0341072307613155;3.8841537988174357;-1.827449849833318
1984;GBR;4.5069616;22.72727285042282;6.35410256180988;42.72877317839242;43.9866311;14.62856418143057;0.1583868408620681;0.3031248459031577;1.5731406397288428
1985;GBR;7.817095200000002;23.25581316370268;6.351378431220161;43.092054795092174;44.6630351;15.166650191402274;0.22720861486231758;2.6790507774178574;2.451902911918613
1986;GBR;6.4108524000000005;25.00000055879356;6.148084036287922;43.04553676455061;44.4432479;15.262659414708798;0.2318795499413051;2.2310965351471257;5.119344384226543
1987;GBR;4.7811746;23.25581316370268;6.739057497250508;44.08589686345534;45.66903329999999;16.105741562724475;0.21286275961731604;2.6362671023860917;1.1784701018203059
1988;GBR;5.1600363;21.27659647321207;7.537332286102812;45.86172086243091;45.6775801;16.500813542596983;0.2223106488983717;1.848080680392039;-0.12756973311596198
1989;GBR;7.993914200000002;23.809524130523886;7.625860530992735;46.838216944800244;44.7155926;15.987232621859961;0.26065183860979335;-0.3272103161352513;6.62559421167368
1990;GBR;6.8407063;18.181818280338256;7.2008730166585835;46.84637231726556;43.8792127;15.315438671981047;0.29937677139182384;-0.7442362410108538;0.870419985445392
1991;GBR;3.9885236000000006;19.99999970197678;6.478361477858437;45.29864512087816;43.3320292;14.620950527152868;0.30972616737319214;-0.25054969780926584;-4.32146984736973
1992;GBR;5.487223200000002;22.72727285042282;6.251205000657848;44.30818621232779;43.3822714;14.410209002195433;0.2707971746034987;0.7106459608642757;-6.706195549187255
1993;GBR;2.6413619;29.411763107487985;6.183375542910794;43.826970821237886;44.4226561;14.851402780228996;0.24003267303362996;2.2561064396664054;-2.114164952958808
1994;GBR;3.9533809;25.00000055879356;6.166531653192748;44.06366400267599;46.6839804;15.917208523327107;0.25491059237825464;2.6226814340145177;-0.5859385547253404
1995;GBR;3.6413049;26.31579031987206;6.025078927023321;44.48830676432573;46.7025978;16.015927863060803;0.26489804627991553;0.9488164545123023;1.5281309596627546
1996;GBR;2.6295713;27.02702667871647;6.172948191804627;44.79789904408225;47.8872637;16.48244342213113;0.23955191727702552;1.0789192346722931;2.526485156303604
1997;GBR;4.9453107;31.249998515704718;5.968067173710432;45.48271427101554;47.0464953;16.587901572153065;0.25789147926551514;2.4502018800749648;-2.2553182361712665
1998;GBR;5.9585721;39.99999940395356;6.302140616625344;45.82048738777255;45.5251498;16.241354980838832;0.27609150461296306;1.8351661469173886;-1.836621972903374
1999;GBR;4.939578599999999;47.61904826104777;6.358872561685251;46.29384500034081;44.3329873;15.999592368106;0.35741769987174266;1.5321128495727976;-0.23788140669185331
2000;GBR;5.4137002;45.45454570084564;6.442953074573661;46.67202730699997;43.7051526;15.982941665776188;0.34421648149409734;1.8769522162701335;1.6149825083086933
2001;GBR;4.646040900000001;38.46153766798552;6.250743279689776;46.87867304992134;42.0285009;15.518469169336463;0.38549060897326015;1.5686765644440825;1.4552552723805068
2002;GBR;3.4498499;27.777778973550024;6.321131785422833;47.070545430044135;42.83813979999999;15.918654299520181;0.4279938423020324;1.22963186435463;0.547305177668167
2003;GBR;2.5219146;32.25806504332933;6.298193059411125;47.32476482720458;42.9013891;16.17791308209282;0.4564902469426979;1.96998864753406;-0.055004917516765506
2004;GBR;3.1046121;32.25806504332933;6.327945275325473;47.5954128440367;42.3988575;16.07417853237127;0.5248419605278665;0.945464335335422;0.35305872573063724
2005;GBR;2.6887919;33.33333407839141;6.522684926562854;47.75983645904028;43.03344699999999;16.50091104344008;0.7723102585487807;1.6475726139712377;-0.23386732973600388
2006;GBR;1.9699101000000003;34.4827596129192;6.580561025572612;47.907097177240374;42.3367385;16.320257297073923;0.6852829688974271;1.1208875950762476;1.3561193389695525
2007;GBR;3.9171893;33.33333407839141;6.802902479195069;47.9113325396696;41.7068111;16.12419397028885;0.8088513324674862;1.123377568549988;-0.028403934074749948
2008;GBR;1.4233533;22.222221339190483;6.324803542038528;47.92242494824016;42.296217;15.98131862356272;0.8235620280826472;-1.632350351813705;0.12804650593629674
2009;GBR;0.32089759999999995;31.249998515704718;5.402855811633797;46.825878158076485;40.2716356;14.419293297853837;0.7068452380952328;-3.7522728693088148;-0.509271593167715
2010;GBR;-0.9854825;34.4827596129192;5.562185916116402;46.5692638623327;40.2582674;14.492250434129257;0.8014648014005532;1.077705046394195;-3.12074326408609
2011;GBR;-2.7687229;28.57142844978644;5.6363483994771055;46.41640199099312;41.4236769;14.977022651404909;0.8365200764818281;0.8453580000000072;-2.2323290814802332
2012;GBR;-1.2810647;27.777778973550024;5.684408875404339;46.612557883996544;41.4587521;15.016312567181096;0.6636643754444282;0.2811160628732212;-0.19901819848725522
2013;GBR;-1.75795;30.30303046723043;5.798581576387204;46.86335132436902;41.4836399;15.128975379388319;0.6294639353269016;0.7927457852396014;-0.3486555040900563
2014;GBR;-1.3750428999999995;29.411763107487985;6.117336050243356;47.606560676192395;42.4579209;15.687218964360078;0.7659189467444483;0.8753903927907203;-0.09933404335220608
2015;GBR;0.0670905;27.02702667871647;6.215432449716278;48.0435416986638;42.41700179999999;15.767129063036242;0.7941545273000283;0.6138525528347705;0.7054655911756802
1960;USA;;29.12820468303172;5.562916373215087;38.18566607656562;36.7060176;12.2353392;;;
1961;USA;1.3170505;35.51485182049111;5.514816095929897;37.52549226632996;37.1981748;12.416580285975884;1.6497012613410078;1.6581723423861883;1.018300244623549
1962;USA;1.5782614;29.408450679536898;5.812341071842356;37.52815263411758;37.7370709;13.022682552995889;1.5499994557586216;4.055796568837788;-1.0809932707837033
1963;USA;1.9694093;32.530701005210105;6.100154985362494;37.02567353407291;38.0888505;13.338944042053855;1.4523822284152388;3.1455461372464466;-2.6603018160648473
1964;USA;2.089394;33.58399851269061;6.470622484899854;37.43350857357224;38.3743441;13.786779030746462;1.3877443211833151;2.9439714356763735;-2.3665466744254515
1965;USA;2.4797696;33.724265292245164;6.865315302007474;38.05096554101684;39.0631627;14.45668336723742;1.2608960698598848;3.2844853516224237;-1.7611807151122427
1966;USA;2.2885141;28.33798015526613;7.002058809886568;39.12895284309686;38.86105129999999;14.81241694445867;1.1587521289240454;2.678709045789196;0.8035284393378861
1967;USA;1.7366201;32.63698592746282;6.711417288451278;39.59816253421349;38.2049945;14.503047804261781;1.0951225591177893;0.09342422216722657;1.4602007810262663
1968;USA;1.3765277;34.6905541529893;6.8858736445641835;40.12974171212234;37.9559489;14.645210236952458;1.0027572049589484;2.1570501409941434;-1.4748163357029331
1969;USA;2.1532996;28.832277918477082;6.914604108143929;40.75211111988004;36.9167843;14.2403916911726;0.9918055244215296;0.32256630436837685;-1.0322225392945472
1970;USA;1.5321399;28.678346029268134;6.517411164501394;40.39855867452667;36.30291289999999;13.664397078251826;1.1606226817141518;-1.0268075279165068;-0.558158343071502
1971;USA;0.0720547;32.30293163332929;6.416939014614294;40.04583710494386;37.3632316;14.15603212853414;1.2692050768203123;2.0011534804079023;2.8545892083492452
1972;USA;0.7283555;37.30158874191092;6.734011750884836;40.75903660372325;37.3504083;14.469449553677565;1.0746682587677858;2.2908455206867018;1.519723579955734
1973;USA;1.7191348000000002;28.04141893402362;6.990085556443517;41.68935401223937;37.653690299999994;14.939175069377036;0.9598711914788227;2.3489949019539047;-0.4788072399030341
1974;USA;-2.2839149;18.630555739091182;6.546794042825329;42.074259693872776;37.124109;14.277829657808068;0.9243225645114928;-2.635397862254185;-0.3311988222498008
1975;USA;-2.3614088;24.10326255267066;5.954202552924492;41.18603025266111;38.4077665;14.462441836685551;0.9738286472991797;-0.2622879260333444;2.1402238017040442
1976;USA;-0.4662883;25.85185300751974;6.292821310909945;42.069183716515504;38.8906307;15.098425149926795;0.9746227677434494;2.5453634454878804;-0.4528667827147781
1977;USA;-1.1020065;20.089935942225264;6.762825558123262;43.104285733740674;38.8505988;15.371288766356571;1.0101519584017282;1.4161549572975218;0.5462350102867886
1978;USA;0.383476;18.956607390603256;7.256511393736492;44.45153147164116;38.8380411;15.725423615854032;1.0622409652774278;1.6868123638702492;0.29274797136551456
1979;USA;1.1298998;19.079645006264034;7.429696619908538;45.18493509724308;38.54133589999999;15.594931644855421;1.1126133612422429;0.19963648624501396;-2.309935975280497
1980;USA;0.7108739000000001;21.672078399933476;6.930241232093477;44.88815506354128;37.815748;14.874557430193034;1.1638961200501008;-1.566435368336827;-3.5667848858410567
1981;USA;4.5979742;18.67269920161104;6.891043307958846;44.95452332092797;38.8387525;15.2843738466991;1.002081448758596;0.8431567940249574;-0.9394597405015914
1982;USA;4.7811152;20.29112067782138;6.426703323653091;44.191234098993185;37.9473061;14.39089488102474;0.9608361448297353;-2.088421730019585;-0.33849852394484126
1983;USA;4.2388865;23.187588642588334;6.748175404124075;44.36549696372257;39.1871032;15.215059821658864;0.9107821099139546;2.8934759947613964;-2.266231288296694
1984;USA;5.5546796999999986;21.845950239643;7.5426525148022;45.76173676150833;39.842275;16.122188772928702;0.8795176095556245;3.518130605046421;-2.997569057313132
1985;USA;4.7253599;26.240507254678775;7.830539314718435;46.27598467124517;39.85392339999999;16.29892858488065;0.8934236909566184;1.6885664949470192;-2.162749607667358
1986;USA;4.5539388;30.02415439593318;7.843283481254282;46.8915544512907;39.3822129;16.18173279527096;0.9127652973090816;0.8978600265628689;0.08952908289237005
1987;USA;3.9841729;27.355278050971723;7.765168750644608;47.66165794360966;38.7451696;16.023398815791435;0.8974460182065158;0.7899779294951781;-1.7849024169766525
1988;USA;3.9200157;28.35897551836508;7.738614079823818;48.24961948249619;38.46510389999999;16.1421474969898;0.9133473066960995;1.7766016138100582;-1.3393823164138174
1989;USA;4.7066550000000005;31.518987035595195;7.763172672374321;48.75195543824049;39.1960767;16.62001361875071;0.9491514357649722;1.4009525367942643;-2.1545147491450645
1990;USA;3.7270586;27.191895535323926;7.57793912322854;48.763894940063395;38.82434449999999;16.389912534013593;1.129404536212486;0.2598913140722914;-2.970353368409273
1991;USA;2.5518501;31.845083455366304;7.137878484945367;47.67207036642606;38.633126299999994;16.0027590202299;1.3386308312781647;-0.25459409343492334;-2.332837946677324
1992;USA;1.1326416;35.16061274076403;7.290942762875676;47.27971913654728;38.5743655;16.230446040610655;1.337908728750059;2.434384812246404;-2.6807681809914663
1993;USA;0.7894401;37.03894992164758;7.506181641057433;47.27910497076248;39.04141800000001;16.53498438868711;1.3077899128918435;1.1210799337416866;-1.5322260780963104
1994;USA;2.6090249;34.562643759965304;7.784577257191283;47.71516957355146;39.8619831;17.166059496686547;1.219062401549098;1.7740547719119704;-0.8371779790422473
1995;USA;3.8545958;44.56635492047849;7.992525294954617;47.80560265278257;39.9851561;17.2635828160647;1.1891973961397628;0.8763808025338271;-0.8628000195380903
1996;USA;3.3010877;49.882549174463655;8.375977627891746;47.885538014341115;40.3096628;17.5811344083081;1.1725959157951493;1.8490260712917816;-2.5685585231104646
1997;USA;3.9304422;62.08838909660027;8.719004500300448;48.33490866726749;40.204678;17.787742768907208;1.2027555113935495;1.9246187888134925;-1.9043379222086654
1998;USA;4.7282129999999984;73.45987414953514;9.221441849100257;48.44579473771881;39.2223529;17.545086377751048;1.1708761054814332;2.2653468188138515;-1.8429904897781957
1999;USA;3.8603112;85.60096151239854;9.640759831669254;48.60916198877305;39.2168045;17.73565377580868;1.149358691165081;2.3697997670783844;-1.7596298778656316
2000;USA;3.9478049;81.8027056846133;9.890430929462617;49.28328104306688;38.2733336;17.37836943340689;1.0990663306220672;1.1140824004105543;-1.7528647357772598
2001;USA;1.8139729;72.74015197540385;9.540882905692154;48.81128933298273;38.2997176;17.015225584903806;1.0010694126728836;-0.287168154219819;-1.816704165985339
2002;USA;0.4644724;55.95395372735639;9.12745283265263;48.20440693858416;39.4203566;17.340058476200937;0.9571391007099583;0.830005272498191;-1.1742154316808584
2003;USA;-0.7076559;62.14146195565112;9.247557114945995;48.20078038441158;39.9705429;17.578700735722624;0.9275754892257515;1.147175873705053;-1.2960291013841219
2004;USA;-0.8530379000000001;61.687759148012454;9.501719261901483;48.27389842529888;40.3497464;17.85532458639662;0.9070076318016929;1.8746361111127818;0.29619139886583046
2005;USA;0.6969144;56.79883226530438;9.746598382406077;48.643042234106886;41.29182049999999;18.292425936107623;0.9312491901439568;1.1134746098092174;0.8543222993783184
2006;USA;2.4133369;56.930066917926126;9.688127938734574;49.08606576578386;41.3784236;18.25339402325469;0.9544144625041717;0.410775786676143;0.4244112261277966
2007;USA;2.6932562;53.343669986990754;9.361562824399527;49.153783941450996;41.1395635;17.970594091254892;0.9631280578813906;0.06912258507361102;-0.7191095211757648
2008;USA;-0.0863643;30.910883051270396;8.772342352135674;48.48018178056957;40.9920202;17.49508813009729;0.9436651463724965;-0.7362587963022804;-2.3947227912050506
2009;USA;0.7823701;49.54841605832208;7.595145492105819;46.27750292930608;42.0396586;17.31392266494899;0.8855892271370625;-0.6908823253427454;-0.35480948204175133
2010;USA;-1.3485403;54.62076767854349;7.684337958081171;45.63871475883975;42.9346152;17.946574614634248;0.8312719697955995;2.484311222523905;-2.611917022559773
2011;USA;-2.1411397;47.0419953826424;7.933890120730239;45.55716473671731;42.9546797;17.999646960408736;0.7437200204006622;0.689896099999987;-1.7036101268149029
2012;USA;-1.4473088;45.51327942428898;8.337528943485646;46.043884036211644;43.0397964;18.132017722277514;0.7292581176425283;0.47576859104536684;-0.53586998618812
2013;USA;-1.0616528;51.665617098829486;8.482571306210305;46.17369661210747;43.63526379999999;18.390254046115906;0.7074376379726077;0.5231087361223352;-0.3305460408345784
2014;USA;-1.2533886;52.08595336769116;8.721263547924378;46.562659702213175;43.554596999999994;18.433529908684303;0.7438455075521544;0.6767456050974507;0.4302890674436233
2015;USA;0.066381;47.339941238506064;8.82069114244844;46.99321243732942;43.0649587;18.366033718475236;0.7430561869617103;1.0196160948452437;0.7650586894437428
